[{"model": "admin.logentry", "pk": 13, "fields": {"action_time": "2022-09-15T08:32:33.118Z", "user": 10, "content_type": 6, "object_id": "4", "object_repr": "", "action_flag": 3, "change_message": ""}}, {"model": "admin.logentry", "pk": 14, "fields": {"action_time": "2022-09-15T08:32:33.121Z", "user": 10, "content_type": 6, "object_id": "3", "object_repr": "george@foodonline.com", "action_flag": 3, "change_message": ""}}, {"model": "admin.logentry", "pk": 15, "fields": {"action_time": "2022-09-15T08:33:12.637Z", "user": 10, "content_type": 6, "object_id": "12", "object_repr": "", "action_flag": 1, "change_message": "[{\"added\": {}}]"}}, {"model": "admin.logentry", "pk": 16, "fields": {"action_time": "2022-09-15T08:34:31.520Z", "user": 10, "content_type": 6, "object_id": "12", "object_repr": "georg1@gmail.com", "action_flag": 2, "change_message": "[{\"changed\": {\"fields\": [\"First name\", \"Last name\", \"Username\", \"Email\", \"Phone number\"]}}]"}}, {"model": "admin.logentry", "pk": 17, "fields": {"action_time": "2022-09-15T08:36:02.860Z", "user": 10, "content_type": 7, "object_id": "6", "object_repr": "georg1@gmail.com", "action_flag": 2, "change_message": "[{\"changed\": {\"fields\": [\"Profile picture\", \"Cover photo\", \"Address line 1\", \"Address line 2\", \"Country\"]}}]"}}, {"model": "admin.logentry", "pk": 18, "fields": {"action_time": "2022-09-15T08:37:09.987Z", "user": 10, "content_type": 6, "object_id": "13", "object_repr": "", "action_flag": 1, "change_message": "[{\"added\": {}}]"}}, {"model": "admin.logentry", "pk": 19, "fields": {"action_time": "2022-09-15T13:05:07.551Z", "user": 10, "content_type": 6, "object_id": "13", "object_repr": "", "action_flag": 3, "change_message": ""}}, {"model": "admin.logentry", "pk": 20, "fields": {"action_time": "2022-09-15T13:05:27.842Z", "user": 10, "content_type": 6, "object_id": "12", "object_repr": "georgejiokem@gmail.com", "action_flag": 3, "change_message": ""}}, {"model": "admin.logentry", "pk": 21, "fields": {"action_time": "2022-09-15T13:06:03.697Z", "user": 10, "content_type": 6, "object_id": "24", "object_repr": "", "action_flag": 1, "change_message": "[{\"added\": {}}]"}}, {"model": "admin.logentry", "pk": 22, "fields": {"action_time": "2022-09-15T13:06:49.470Z", "user": 10, "content_type": 6, "object_id": "24", "object_repr": "testuser@gmail.com", "action_flag": 2, "change_message": "[{\"changed\": {\"fields\": [\"First name\", \"Last name\", \"Email\", \"Phone number\"]}}]"}}, {"model": "admin.logentry", "pk": 23, "fields": {"action_time": "2022-09-15T13:14:02.868Z", "user": 10, "content_type": 6, "object_id": "24", "object_repr": "testuser@gmail.com", "action_flag": 3, "change_message": ""}}, {"model": "admin.logentry", "pk": 24, "fields": {"action_time": "2022-09-15T13:21:15.916Z", "user": 10, "content_type": 6, "object_id": "28", "object_repr": "", "action_flag": 1, "change_message": "[{\"added\": {}}]"}}, {"model": "admin.logentry", "pk": 25, "fields": {"action_time": "2022-09-15T13:22:08.701Z", "user": 10, "content_type": 6, "object_id": "28", "object_repr": "faith@gmail.com", "action_flag": 2, "change_message": "[{\"changed\": {\"fields\": [\"First name\", \"Last name\", \"Email\", \"Phone number\"]}}]"}}, {"model": "admin.logentry", "pk": 26, "fields": {"action_time": "2022-09-21T09:20:31.962Z", "user": 10, "content_type": 6, "object_id": "39", "object_repr": "sowore@gmail.com", "action_flag": 3, "change_message": ""}}, {"model": "admin.logentry", "pk": 27, "fields": {"action_time": "2022-09-21T09:20:31.965Z", "user": 10, "content_type": 6, "object_id": "38", "object_repr": "tinubu@gmai.com", "action_flag": 3, "change_message": ""}}, {"model": "admin.logentry", "pk": 28, "fields": {"action_time": "2022-09-21T09:20:31.967Z", "user": 10, "content_type": 6, "object_id": "37", "object_repr": "queryty@gmai.com", "action_flag": 3, "change_message": ""}}, {"model": "admin.logentry", "pk": 29, "fields": {"action_time": "2022-09-21T09:20:31.968Z", "user": 10, "content_type": 6, "object_id": "36", "object_repr": "obi@gmail.com", "action_flag": 3, "change_message": ""}}, {"model": "admin.logentry", "pk": 30, "fields": {"action_time": "2022-09-21T09:20:31.970Z", "user": 10, "content_type": 6, "object_id": "35", "object_repr": "dino@gmail.com", "action_flag": 3, "change_message": ""}}, {"model": "admin.logentry", "pk": 31, "fields": {"action_time": "2022-09-21T09:20:31.971Z", "user": 10, "content_type": 6, "object_id": "34", "object_repr": "festus@gmail.com", "action_flag": 3, "change_message": ""}}, {"model": "admin.logentry", "pk": 32, "fields": {"action_time": "2022-09-21T09:20:31.974Z", "user": 10, "content_type": 6, "object_id": "33", "object_repr": "fibre@gmail.com", "action_flag": 3, "change_message": ""}}, {"model": "admin.logentry", "pk": 33, "fields": {"action_time": "2022-09-21T09:20:31.976Z", "user": 10, "content_type": 6, "object_id": "32", "object_repr": "mirabel@gmail.com", "action_flag": 3, "change_message": ""}}, {"model": "admin.logentry", "pk": 34, "fields": {"action_time": "2022-09-21T09:20:31.977Z", "user": 10, "content_type": 6, "object_id": "31", "object_repr": "rochas@gmail.com", "action_flag": 3, "change_message": ""}}, {"model": "admin.logentry", "pk": 35, "fields": {"action_time": "2022-09-21T09:20:31.978Z", "user": 10, "content_type": 6, "object_id": "30", "object_repr": "wendy@gmail.com", "action_flag": 3, "change_message": ""}}, {"model": "admin.logentry", "pk": 36, "fields": {"action_time": "2022-09-21T09:20:31.979Z", "user": 10, "content_type": 6, "object_id": "29", "object_repr": "rathan@gmail.com", "action_flag": 3, "change_message": ""}}, {"model": "admin.logentry", "pk": 37, "fields": {"action_time": "2022-09-21T09:20:31.980Z", "user": 10, "content_type": 6, "object_id": "28", "object_repr": "faith@gmail.com", "action_flag": 3, "change_message": ""}}, {"model": "admin.logentry", "pk": 38, "fields": {"action_time": "2022-09-21T09:24:42.490Z", "user": 10, "content_type": 6, "object_id": "41", "object_repr": "customer1@gmail.com", "action_flag": 2, "change_message": "[{\"changed\": {\"fields\": [\"Is active\"]}}]"}}, {"model": "admin.logentry", "pk": 39, "fields": {"action_time": "2022-09-21T09:25:11.031Z", "user": 10, "content_type": 6, "object_id": "40", "object_repr": "testvendor@gmail.com", "action_flag": 3, "change_message": ""}}, {"model": "admin.logentry", "pk": 40, "fields": {"action_time": "2022-09-21T09:27:13.418Z", "user": 10, "content_type": 6, "object_id": "42", "object_repr": "vendor1@gmail.com", "action_flag": 2, "change_message": "[{\"changed\": {\"fields\": [\"Is active\"]}}]"}}, {"model": "admin.logentry", "pk": 41, "fields": {"action_time": "2022-09-22T04:40:05.937Z", "user": 10, "content_type": 6, "object_id": "43", "object_repr": "nzuteokafor@gmail.com", "action_flag": 3, "change_message": ""}}, {"model": "admin.logentry", "pk": 42, "fields": {"action_time": "2022-09-22T05:42:56.496Z", "user": 10, "content_type": 6, "object_id": "44", "object_repr": "georgejiokem@gmail.com", "action_flag": 3, "change_message": ""}}, {"model": "admin.logentry", "pk": 43, "fields": {"action_time": "2022-09-22T05:55:43.095Z", "user": 10, "content_type": 6, "object_id": "45", "object_repr": "nzuteokafor@gmail.com", "action_flag": 3, "change_message": ""}}, {"model": "admin.logentry", "pk": 44, "fields": {"action_time": "2022-09-22T05:59:55.073Z", "user": 10, "content_type": 6, "object_id": "46", "object_repr": "nzuteokafor@gmail.com", "action_flag": 3, "change_message": ""}}, {"model": "admin.logentry", "pk": 45, "fields": {"action_time": "2022-09-22T06:50:15.317Z", "user": 10, "content_type": 6, "object_id": "42", "object_repr": "vendor1@gmail.com", "action_flag": 3, "change_message": ""}}, {"model": "admin.logentry", "pk": 46, "fields": {"action_time": "2022-09-22T06:50:15.320Z", "user": 10, "content_type": 6, "object_id": "41", "object_repr": "customer1@gmail.com", "action_flag": 3, "change_message": ""}}, {"model": "admin.logentry", "pk": 47, "fields": {"action_time": "2022-09-22T12:13:06.081Z", "user": 10, "content_type": 8, "object_id": "3", "object_repr": "Sushi For All Cafe", "action_flag": 2, "change_message": "[{\"changed\": {\"fields\": [\"Is approved\"]}}]"}}, {"model": "admin.logentry", "pk": 48, "fields": {"action_time": "2022-09-23T04:43:51.604Z", "user": 10, "content_type": 7, "object_id": "35", "object_repr": "georgejiokem@gmail.com", "action_flag": 2, "change_message": "[{\"changed\": {\"fields\": [\"Profile picture\", \"Cover photo\", \"Address line 1\", \"Address line 2\", \"Country\", \"State\", \"City\", \"Pin code\"]}}]"}}, {"model": "admin.logentry", "pk": 49, "fields": {"action_time": "2022-09-23T05:23:21.371Z", "user": 10, "content_type": 7, "object_id": "35", "object_repr": "georgejiokem@gmail.com", "action_flag": 2, "change_message": "[{\"changed\": {\"fields\": [\"Cover photo\"]}}]"}}, {"model": "admin.logentry", "pk": 50, "fields": {"action_time": "2022-09-23T05:27:43.875Z", "user": 10, "content_type": 7, "object_id": "35", "object_repr": "georgejiokem@gmail.com", "action_flag": 2, "change_message": "[{\"changed\": {\"fields\": [\"Cover photo\"]}}]"}}, {"model": "admin.logentry", "pk": 51, "fields": {"action_time": "2022-09-23T05:29:23.879Z", "user": 10, "content_type": 7, "object_id": "35", "object_repr": "georgejiokem@gmail.com", "action_flag": 2, "change_message": "[{\"changed\": {\"fields\": [\"Cover photo\"]}}]"}}, {"model": "admin.logentry", "pk": 52, "fields": {"action_time": "2022-09-24T23:46:33.054Z", "user": 10, "content_type": 7, "object_id": "35", "object_repr": "georgejiokem@gmail.com", "action_flag": 2, "change_message": "[{\"changed\": {\"fields\": [\"Address\"]}}]"}}, {"model": "admin.logentry", "pk": 53, "fields": {"action_time": "2022-09-26T10:06:10.487Z", "user": 10, "content_type": 9, "object_id": "1", "object_repr": "Soup", "action_flag": 1, "change_message": "[{\"added\": {}}]"}}, {"model": "admin.logentry", "pk": 54, "fields": {"action_time": "2022-09-26T10:06:49.986Z", "user": 10, "content_type": 9, "object_id": "2", "object_repr": "Nigeria food", "action_flag": 1, "change_message": "[{\"added\": {}}]"}}, {"model": "admin.logentry", "pk": 55, "fields": {"action_time": "2022-09-26T10:07:14.214Z", "user": 10, "content_type": 9, "object_id": "3", "object_repr": "Chicken", "action_flag": 1, "change_message": "[{\"added\": {}}]"}}, {"model": "admin.logentry", "pk": 56, "fields": {"action_time": "2022-09-26T10:07:28.898Z", "user": 10, "content_type": 9, "object_id": "4", "object_repr": "Pizza", "action_flag": 1, "change_message": "[{\"added\": {}}]"}}, {"model": "admin.logentry", "pk": 57, "fields": {"action_time": "2022-09-26T10:43:01.093Z", "user": 10, "content_type": 10, "object_id": "1", "object_repr": "egusi soup", "action_flag": 1, "change_message": "[{\"added\": {}}]"}}, {"model": "admin.logentry", "pk": 58, "fields": {"action_time": "2022-09-26T10:46:06.408Z", "user": 10, "content_type": 10, "object_id": "2", "object_repr": "jollof rice", "action_flag": 1, "change_message": "[{\"added\": {}}]"}}, {"model": "admin.logentry", "pk": 59, "fields": {"action_time": "2022-09-26T10:46:35.454Z", "user": 10, "content_type": 10, "object_id": "3", "object_repr": "fried rice", "action_flag": 1, "change_message": "[{\"added\": {}}]"}}, {"model": "admin.logentry", "pk": 60, "fields": {"action_time": "2022-09-26T10:47:33.626Z", "user": 10, "content_type": 10, "object_id": "4", "object_repr": "pepper soup", "action_flag": 1, "change_message": "[{\"added\": {}}]"}}, {"model": "admin.logentry", "pk": 61, "fields": {"action_time": "2022-09-26T12:18:30.638Z", "user": 10, "content_type": 9, "object_id": "1", "object_repr": "Soup", "action_flag": 2, "change_message": "[{\"changed\": {\"fields\": [\"Description\"]}}]"}}, {"model": "admin.logentry", "pk": 62, "fields": {"action_time": "2022-09-26T12:18:53.571Z", "user": 10, "content_type": 9, "object_id": "2", "object_repr": "Nigeria food", "action_flag": 2, "change_message": "[{\"changed\": {\"fields\": [\"Description\"]}}]"}}, {"model": "admin.logentry", "pk": 63, "fields": {"action_time": "2022-09-30T02:59:28.064Z", "user": 10, "content_type": 8, "object_id": "4", "object_repr": "MOUNTAINSOFT FOOD AND DELICACIES", "action_flag": 2, "change_message": "[{\"changed\": {\"fields\": [\"Is approved\"]}}]"}}, {"model": "admin.logentry", "pk": 64, "fields": {"action_time": "2022-10-01T01:34:57.992Z", "user": 10, "content_type": 8, "object_id": "3", "object_repr": "African Declicacies Chamber", "action_flag": 2, "change_message": "[{\"changed\": {\"fields\": [\"Vendor slug\"]}}]"}}, {"model": "admin.logentry", "pk": 65, "fields": {"action_time": "2022-10-01T01:35:22.427Z", "user": 10, "content_type": 8, "object_id": "4", "object_repr": "MOUNTAINSOFT FOOD AND DELICACIES", "action_flag": 2, "change_message": "[{\"changed\": {\"fields\": [\"Vendor slug\"]}}]"}}, {"model": "admin.logentry", "pk": 66, "fields": {"action_time": "2022-10-01T01:56:59.358Z", "user": 10, "content_type": 6, "object_id": "50", "object_repr": "info@pottersacademy.com", "action_flag": 3, "change_message": ""}}, {"model": "admin.logentry", "pk": 67, "fields": {"action_time": "2022-10-01T22:46:03.215Z", "user": 10, "content_type": 11, "object_id": "6", "object_repr": "Cart object (6)", "action_flag": 3, "change_message": ""}}, {"model": "admin.logentry", "pk": 68, "fields": {"action_time": "2022-10-01T22:46:03.425Z", "user": 10, "content_type": 11, "object_id": "5", "object_repr": "Cart object (5)", "action_flag": 3, "change_message": ""}}, {"model": "admin.logentry", "pk": 69, "fields": {"action_time": "2022-10-01T22:46:03.430Z", "user": 10, "content_type": 11, "object_id": "4", "object_repr": "Cart object (4)", "action_flag": 3, "change_message": ""}}, {"model": "admin.logentry", "pk": 70, "fields": {"action_time": "2022-10-01T22:46:03.434Z", "user": 10, "content_type": 11, "object_id": "3", "object_repr": "Cart object (3)", "action_flag": 3, "change_message": ""}}, {"model": "admin.logentry", "pk": 71, "fields": {"action_time": "2022-10-01T22:46:03.440Z", "user": 10, "content_type": 11, "object_id": "2", "object_repr": "Cart object (2)", "action_flag": 3, "change_message": ""}}, {"model": "admin.logentry", "pk": 72, "fields": {"action_time": "2022-10-01T22:46:03.445Z", "user": 10, "content_type": 11, "object_id": "1", "object_repr": "Cart object (1)", "action_flag": 3, "change_message": ""}}, {"model": "admin.logentry", "pk": 73, "fields": {"action_time": "2022-10-02T07:59:24.559Z", "user": 10, "content_type": 11, "object_id": "18", "object_repr": "Cart object (18)", "action_flag": 3, "change_message": ""}}, {"model": "admin.logentry", "pk": 74, "fields": {"action_time": "2022-10-02T07:59:24.564Z", "user": 10, "content_type": 11, "object_id": "17", "object_repr": "Cart object (17)", "action_flag": 3, "change_message": ""}}, {"model": "admin.logentry", "pk": 75, "fields": {"action_time": "2022-10-02T07:59:24.565Z", "user": 10, "content_type": 11, "object_id": "15", "object_repr": "Cart object (15)", "action_flag": 3, "change_message": ""}}, {"model": "admin.logentry", "pk": 76, "fields": {"action_time": "2022-10-02T07:59:24.567Z", "user": 10, "content_type": 11, "object_id": "14", "object_repr": "Cart object (14)", "action_flag": 3, "change_message": ""}}, {"model": "admin.logentry", "pk": 77, "fields": {"action_time": "2022-10-02T07:59:24.568Z", "user": 10, "content_type": 11, "object_id": "13", "object_repr": "Cart object (13)", "action_flag": 3, "change_message": ""}}, {"model": "admin.logentry", "pk": 78, "fields": {"action_time": "2022-10-05T08:47:18.543Z", "user": 10, "content_type": 6, "object_id": "52", "object_repr": "test2@mount.com.jp", "action_flag": 3, "change_message": ""}}, {"model": "admin.logentry", "pk": 79, "fields": {"action_time": "2022-10-05T08:47:18.549Z", "user": 10, "content_type": 6, "object_id": "51", "object_repr": "test1i@mount.com.jp", "action_flag": 3, "change_message": ""}}, {"model": "admin.logentry", "pk": 80, "fields": {"action_time": "2022-10-05T09:09:45.137Z", "user": 10, "content_type": 6, "object_id": "53", "object_repr": "test1i@mount.com.jp", "action_flag": 2, "change_message": "[{\"changed\": {\"fields\": [\"Is active\"]}}]"}}, {"model": "admin.logentry", "pk": 81, "fields": {"action_time": "2022-10-05T09:15:28.628Z", "user": 10, "content_type": 6, "object_id": "54", "object_repr": "test2@mount.com.jp", "action_flag": 2, "change_message": "[{\"changed\": {\"fields\": [\"Is active\"]}}]"}}, {"model": "admin.logentry", "pk": 82, "fields": {"action_time": "2022-10-05T09:15:36.898Z", "user": 10, "content_type": 6, "object_id": "55", "object_repr": "test3@mount.com.jp", "action_flag": 2, "change_message": "[{\"changed\": {\"fields\": [\"Is active\"]}}]"}}, {"model": "admin.logentry", "pk": 83, "fields": {"action_time": "2022-10-05T09:43:51.792Z", "user": 10, "content_type": 8, "object_id": "8", "object_repr": "Umeda Continental Food and Resort", "action_flag": 2, "change_message": "[{\"changed\": {\"fields\": [\"Is approved\"]}}]"}}, {"model": "admin.logentry", "pk": 84, "fields": {"action_time": "2022-10-05T09:43:54.721Z", "user": 10, "content_type": 8, "object_id": "7", "object_repr": "Minoh Chicken Resort", "action_flag": 2, "change_message": "[{\"changed\": {\"fields\": [\"Is approved\"]}}]"}}, {"model": "admin.logentry", "pk": 85, "fields": {"action_time": "2022-10-05T09:43:57.608Z", "user": 10, "content_type": 8, "object_id": "6", "object_repr": "Ikeda Intercontinental Dishes", "action_flag": 2, "change_message": "[{\"changed\": {\"fields\": [\"Is approved\"]}}]"}}, {"model": "admin.logentry", "pk": 86, "fields": {"action_time": "2022-10-08T02:38:14.441Z", "user": 10, "content_type": 7, "object_id": "35", "object_repr": "georgejiokem@gmail.com", "action_flag": 2, "change_message": "[]"}}, {"model": "admin.logentry", "pk": 87, "fields": {"action_time": "2022-10-08T02:40:12.721Z", "user": 10, "content_type": 7, "object_id": "36", "object_repr": "engrmountain@gmail.com", "action_flag": 2, "change_message": "[]"}}, {"model": "admin.logentry", "pk": 88, "fields": {"action_time": "2022-10-08T02:40:24.662Z", "user": 10, "content_type": 7, "object_id": "34", "object_repr": "nzuteokafor@gmail.com", "action_flag": 2, "change_message": "[]"}}, {"model": "admin.logentry", "pk": 89, "fields": {"action_time": "2022-10-11T01:22:32.003Z", "user": 10, "content_type": 12, "object_id": "1", "object_repr": "OpeningHour object (1)", "action_flag": 1, "change_message": "[{\"added\": {}}]"}}, {"model": "admin.logentry", "pk": 90, "fields": {"action_time": "2022-10-11T02:20:06.862Z", "user": 10, "content_type": 12, "object_id": "2", "object_repr": "OpeningHour object (2)", "action_flag": 1, "change_message": "[{\"added\": {}}]"}}, {"model": "admin.logentry", "pk": 91, "fields": {"action_time": "2022-10-11T14:43:50.348Z", "user": 10, "content_type": 12, "object_id": "18", "object_repr": "Monday", "action_flag": 3, "change_message": ""}}, {"model": "admin.logentry", "pk": 92, "fields": {"action_time": "2022-10-11T14:43:50.353Z", "user": 10, "content_type": 12, "object_id": "20", "object_repr": "Saturday", "action_flag": 3, "change_message": ""}}, {"model": "admin.logentry", "pk": 93, "fields": {"action_time": "2022-10-11T14:43:50.357Z", "user": 10, "content_type": 12, "object_id": "19", "object_repr": "Sunday", "action_flag": 3, "change_message": ""}}, {"model": "admin.logentry", "pk": 94, "fields": {"action_time": "2022-10-11T14:44:48.631Z", "user": 10, "content_type": 12, "object_id": "1", "object_repr": "Monday", "action_flag": 3, "change_message": ""}}, {"model": "admin.logentry", "pk": 95, "fields": {"action_time": "2022-10-11T14:44:48.636Z", "user": 10, "content_type": 12, "object_id": "25", "object_repr": "Tuesday", "action_flag": 3, "change_message": ""}}, {"model": "admin.logentry", "pk": 96, "fields": {"action_time": "2022-10-11T14:44:48.638Z", "user": 10, "content_type": 12, "object_id": "37", "object_repr": "Tuesday", "action_flag": 3, "change_message": ""}}, {"model": "admin.logentry", "pk": 97, "fields": {"action_time": "2022-10-11T14:44:48.640Z", "user": 10, "content_type": 12, "object_id": "27", "object_repr": "Sunday", "action_flag": 3, "change_message": ""}}, {"model": "admin.logentry", "pk": 98, "fields": {"action_time": "2022-10-11T14:47:44.886Z", "user": 10, "content_type": 12, "object_id": "22", "object_repr": "Friday", "action_flag": 3, "change_message": ""}}, {"model": "admin.logentry", "pk": 99, "fields": {"action_time": "2022-10-11T14:47:44.893Z", "user": 10, "content_type": 12, "object_id": "36", "object_repr": "Saturday", "action_flag": 3, "change_message": ""}}, {"model": "admin.logentry", "pk": 100, "fields": {"action_time": "2022-10-11T14:47:44.895Z", "user": 10, "content_type": 12, "object_id": "26", "object_repr": "Saturday", "action_flag": 3, "change_message": ""}}, {"model": "admin.logentry", "pk": 101, "fields": {"action_time": "2022-10-11T14:47:44.897Z", "user": 10, "content_type": 12, "object_id": "32", "object_repr": "Sunday", "action_flag": 3, "change_message": ""}}, {"model": "admin.logentry", "pk": 102, "fields": {"action_time": "2022-10-11T14:47:59.424Z", "user": 10, "content_type": 12, "object_id": "23", "object_repr": "Tuesday", "action_flag": 3, "change_message": ""}}, {"model": "admin.logentry", "pk": 103, "fields": {"action_time": "2022-10-12T01:11:39.785Z", "user": 10, "content_type": 13, "object_id": "1", "object_repr": "VAT", "action_flag": 1, "change_message": "[{\"added\": {}}]"}}, {"model": "admin.logentry", "pk": 104, "fields": {"action_time": "2022-10-12T01:12:29.394Z", "user": 10, "content_type": 13, "object_id": "2", "object_repr": "CGST", "action_flag": 1, "change_message": "[{\"added\": {}}]"}}, {"model": "admin.logentry", "pk": 105, "fields": {"action_time": "2022-10-12T01:12:47.517Z", "user": 10, "content_type": 13, "object_id": "3", "object_repr": "SGST", "action_flag": 1, "change_message": "[{\"added\": {}}]"}}, {"model": "admin.logentry", "pk": 106, "fields": {"action_time": "2022-10-12T01:23:51.802Z", "user": 10, "content_type": 13, "object_id": "1", "object_repr": "VAT", "action_flag": 3, "change_message": ""}}, {"model": "admin.logentry", "pk": 107, "fields": {"action_time": "2022-10-13T10:27:09.209Z", "user": 10, "content_type": 14, "object_id": "2", "object_repr": "202210131935None", "action_flag": 3, "change_message": ""}}, {"model": "admin.logentry", "pk": 108, "fields": {"action_time": "2022-10-16T02:40:14.012Z", "user": 10, "content_type": 14, "object_id": "38", "object_repr": "2022101520321538", "action_flag": 3, "change_message": ""}}, {"model": "admin.logentry", "pk": 109, "fields": {"action_time": "2022-10-16T02:40:14.020Z", "user": 10, "content_type": 14, "object_id": "37", "object_repr": "2022101520315337", "action_flag": 3, "change_message": ""}}, {"model": "admin.logentry", "pk": 110, "fields": {"action_time": "2022-10-16T02:40:14.022Z", "user": 10, "content_type": 14, "object_id": "36", "object_repr": "2022101517030636", "action_flag": 3, "change_message": ""}}, {"model": "admin.logentry", "pk": 111, "fields": {"action_time": "2022-10-16T02:40:14.023Z", "user": 10, "content_type": 14, "object_id": "35", "object_repr": "2022101516470535", "action_flag": 3, "change_message": ""}}, {"model": "admin.logentry", "pk": 112, "fields": {"action_time": "2022-10-16T02:40:14.024Z", "user": 10, "content_type": 14, "object_id": "34", "object_repr": "2022101421041934", "action_flag": 3, "change_message": ""}}, {"model": "admin.logentry", "pk": 113, "fields": {"action_time": "2022-10-16T02:40:14.026Z", "user": 10, "content_type": 14, "object_id": "33", "object_repr": "2022101420594633", "action_flag": 3, "change_message": ""}}, {"model": "admin.logentry", "pk": 114, "fields": {"action_time": "2022-10-16T02:40:14.027Z", "user": 10, "content_type": 14, "object_id": "32", "object_repr": "2022101420231532", "action_flag": 3, "change_message": ""}}, {"model": "admin.logentry", "pk": 115, "fields": {"action_time": "2022-10-16T02:40:14.028Z", "user": 10, "content_type": 14, "object_id": "31", "object_repr": "2022101420215331", "action_flag": 3, "change_message": ""}}, {"model": "admin.logentry", "pk": 116, "fields": {"action_time": "2022-10-16T02:40:14.029Z", "user": 10, "content_type": 14, "object_id": "30", "object_repr": "2022101420122730", "action_flag": 3, "change_message": ""}}, {"model": "admin.logentry", "pk": 117, "fields": {"action_time": "2022-10-16T02:40:14.031Z", "user": 10, "content_type": 14, "object_id": "29", "object_repr": "2022101420121729", "action_flag": 3, "change_message": ""}}, {"model": "admin.logentry", "pk": 118, "fields": {"action_time": "2022-10-16T02:40:14.033Z", "user": 10, "content_type": 14, "object_id": "28", "object_repr": "2022101420034128", "action_flag": 3, "change_message": ""}}, {"model": "admin.logentry", "pk": 119, "fields": {"action_time": "2022-10-16T02:40:14.034Z", "user": 10, "content_type": 14, "object_id": "27", "object_repr": "2022101419374627", "action_flag": 3, "change_message": ""}}, {"model": "admin.logentry", "pk": 120, "fields": {"action_time": "2022-10-16T02:40:14.035Z", "user": 10, "content_type": 14, "object_id": "26", "object_repr": "2022101418274326", "action_flag": 3, "change_message": ""}}, {"model": "admin.logentry", "pk": 121, "fields": {"action_time": "2022-10-16T02:40:14.036Z", "user": 10, "content_type": 14, "object_id": "25", "object_repr": "2022101418262625", "action_flag": 3, "change_message": ""}}, {"model": "admin.logentry", "pk": 122, "fields": {"action_time": "2022-10-16T02:40:14.037Z", "user": 10, "content_type": 14, "object_id": "24", "object_repr": "2022101413440024", "action_flag": 3, "change_message": ""}}, {"model": "admin.logentry", "pk": 123, "fields": {"action_time": "2022-10-16T02:40:14.039Z", "user": 10, "content_type": 14, "object_id": "23", "object_repr": "2022101413433423", "action_flag": 3, "change_message": ""}}, {"model": "admin.logentry", "pk": 124, "fields": {"action_time": "2022-10-16T02:40:14.040Z", "user": 10, "content_type": 14, "object_id": "22", "object_repr": "2022101413243422", "action_flag": 3, "change_message": ""}}, {"model": "admin.logentry", "pk": 125, "fields": {"action_time": "2022-10-16T02:40:14.041Z", "user": 10, "content_type": 14, "object_id": "21", "object_repr": "2022101413233421", "action_flag": 3, "change_message": ""}}, {"model": "admin.logentry", "pk": 126, "fields": {"action_time": "2022-10-16T02:40:14.043Z", "user": 10, "content_type": 14, "object_id": "20", "object_repr": "2022101412505820", "action_flag": 3, "change_message": ""}}, {"model": "admin.logentry", "pk": 127, "fields": {"action_time": "2022-10-16T02:40:14.044Z", "user": 10, "content_type": 14, "object_id": "19", "object_repr": "2022101412495019", "action_flag": 3, "change_message": ""}}, {"model": "admin.logentry", "pk": 128, "fields": {"action_time": "2022-10-16T02:40:14.045Z", "user": 10, "content_type": 14, "object_id": "18", "object_repr": "2022101412484618", "action_flag": 3, "change_message": ""}}, {"model": "admin.logentry", "pk": 129, "fields": {"action_time": "2022-10-16T02:40:14.047Z", "user": 10, "content_type": 14, "object_id": "17", "object_repr": "2022101412462917", "action_flag": 3, "change_message": ""}}, {"model": "admin.logentry", "pk": 130, "fields": {"action_time": "2022-10-16T02:40:14.050Z", "user": 10, "content_type": 14, "object_id": "16", "object_repr": "2022101412352116", "action_flag": 3, "change_message": ""}}, {"model": "admin.logentry", "pk": 131, "fields": {"action_time": "2022-10-16T02:40:14.051Z", "user": 10, "content_type": 14, "object_id": "15", "object_repr": "2022101412340315", "action_flag": 3, "change_message": ""}}, {"model": "admin.logentry", "pk": 132, "fields": {"action_time": "2022-10-16T02:40:14.052Z", "user": 10, "content_type": 14, "object_id": "14", "object_repr": "2022101412311014", "action_flag": 3, "change_message": ""}}, {"model": "admin.logentry", "pk": 133, "fields": {"action_time": "2022-10-16T02:40:14.054Z", "user": 10, "content_type": 14, "object_id": "13", "object_repr": "2022101412302313", "action_flag": 3, "change_message": ""}}, {"model": "admin.logentry", "pk": 134, "fields": {"action_time": "2022-10-16T02:40:14.055Z", "user": 10, "content_type": 14, "object_id": "12", "object_repr": "2022101412300112", "action_flag": 3, "change_message": ""}}, {"model": "admin.logentry", "pk": 135, "fields": {"action_time": "2022-10-16T02:40:14.057Z", "user": 10, "content_type": 14, "object_id": "11", "object_repr": "2022101412182811", "action_flag": 3, "change_message": ""}}, {"model": "admin.logentry", "pk": 136, "fields": {"action_time": "2022-10-16T02:40:14.058Z", "user": 10, "content_type": 14, "object_id": "10", "object_repr": "2022101412165410", "action_flag": 3, "change_message": ""}}, {"model": "admin.logentry", "pk": 137, "fields": {"action_time": "2022-10-16T02:40:14.059Z", "user": 10, "content_type": 14, "object_id": "9", "object_repr": "202210141215379", "action_flag": 3, "change_message": ""}}, {"model": "admin.logentry", "pk": 138, "fields": {"action_time": "2022-10-16T02:40:14.061Z", "user": 10, "content_type": 14, "object_id": "8", "object_repr": "202210141150178", "action_flag": 3, "change_message": ""}}, {"model": "admin.logentry", "pk": 139, "fields": {"action_time": "2022-10-16T02:40:14.062Z", "user": 10, "content_type": 14, "object_id": "7", "object_repr": "202210141026207", "action_flag": 3, "change_message": ""}}, {"model": "admin.logentry", "pk": 140, "fields": {"action_time": "2022-10-16T02:40:14.064Z", "user": 10, "content_type": 14, "object_id": "6", "object_repr": "202210141001356", "action_flag": 3, "change_message": ""}}, {"model": "admin.logentry", "pk": 141, "fields": {"action_time": "2022-10-16T02:40:14.067Z", "user": 10, "content_type": 14, "object_id": "5", "object_repr": "202210140953355", "action_flag": 3, "change_message": ""}}, {"model": "admin.logentry", "pk": 142, "fields": {"action_time": "2022-10-16T02:40:14.069Z", "user": 10, "content_type": 14, "object_id": "4", "object_repr": "202210131935294", "action_flag": 3, "change_message": ""}}, {"model": "admin.logentry", "pk": 143, "fields": {"action_time": "2022-10-16T02:40:14.070Z", "user": 10, "content_type": 14, "object_id": "3", "object_repr": "2022101319593", "action_flag": 3, "change_message": ""}}, {"model": "admin.logentry", "pk": 144, "fields": {"action_time": "2022-10-16T02:40:14.071Z", "user": 10, "content_type": 14, "object_id": "1", "object_repr": "1234", "action_flag": 3, "change_message": ""}}, {"model": "admin.logentry", "pk": 145, "fields": {"action_time": "2022-10-16T02:41:05.961Z", "user": 10, "content_type": 10, "object_id": "13", "object_repr": "Chinese Ramen", "action_flag": 2, "change_message": "[{\"changed\": {\"fields\": [\"Price\"]}}]"}}, {"model": "admin.logentry", "pk": 146, "fields": {"action_time": "2022-10-16T02:41:25.298Z", "user": 10, "content_type": 10, "object_id": "15", "object_repr": "Jollof and Chicken", "action_flag": 2, "change_message": "[{\"changed\": {\"fields\": [\"Price\"]}}]"}}, {"model": "admin.logentry", "pk": 147, "fields": {"action_time": "2022-10-16T02:41:46.031Z", "user": 10, "content_type": 10, "object_id": "8", "object_repr": "Delicious Fried Chicken", "action_flag": 2, "change_message": "[{\"changed\": {\"fields\": [\"Price\"]}}]"}}, {"model": "admin.logentry", "pk": 148, "fields": {"action_time": "2022-10-16T02:42:00.497Z", "user": 10, "content_type": 10, "object_id": "12", "object_repr": "Japanese Tuna", "action_flag": 2, "change_message": "[{\"changed\": {\"fields\": [\"Price\"]}}]"}}, {"model": "admin.logentry", "pk": 149, "fields": {"action_time": "2022-10-16T02:42:14.221Z", "user": 10, "content_type": 10, "object_id": "7", "object_repr": "Nigeria Egusi and Okro", "action_flag": 2, "change_message": "[{\"changed\": {\"fields\": [\"Price\"]}}]"}}, {"model": "admin.logentry", "pk": 150, "fields": {"action_time": "2022-10-16T02:42:28.528Z", "user": 10, "content_type": 10, "object_id": "4", "object_repr": "pepper soup", "action_flag": 2, "change_message": "[{\"changed\": {\"fields\": [\"Price\"]}}]"}}, {"model": "admin.logentry", "pk": 151, "fields": {"action_time": "2022-10-16T02:42:44.170Z", "user": 10, "content_type": 10, "object_id": "9", "object_repr": "Kansai Sushi", "action_flag": 2, "change_message": "[{\"changed\": {\"fields\": [\"Price\"]}}]"}}, {"model": "admin.logentry", "pk": 152, "fields": {"action_time": "2022-10-16T02:43:02.670Z", "user": 10, "content_type": 10, "object_id": "14", "object_repr": "Delicious Accra Jollof", "action_flag": 2, "change_message": "[{\"changed\": {\"fields\": [\"Price\"]}}]"}}, {"model": "admin.logentry", "pk": 153, "fields": {"action_time": "2022-10-16T02:43:14.639Z", "user": 10, "content_type": 10, "object_id": "6", "object_repr": "Igbo egusi soup", "action_flag": 2, "change_message": "[{\"changed\": {\"fields\": [\"Price\"]}}]"}}, {"model": "admin.logentry", "pk": 154, "fields": {"action_time": "2022-10-16T02:43:29.968Z", "user": 10, "content_type": 10, "object_id": "3", "object_repr": "fried rice", "action_flag": 2, "change_message": "[{\"changed\": {\"fields\": [\"Price\"]}}]"}}, {"model": "admin.logentry", "pk": 155, "fields": {"action_time": "2022-10-16T02:43:49.636Z", "user": 10, "content_type": 10, "object_id": "2", "object_repr": "jollof rice", "action_flag": 2, "change_message": "[{\"changed\": {\"fields\": [\"Price\", \"Is available\"]}}]"}}, {"model": "admin.logentry", "pk": 156, "fields": {"action_time": "2022-10-16T02:48:38.051Z", "user": 10, "content_type": 14, "object_id": "39", "object_repr": "202215123411", "action_flag": 1, "change_message": "[{\"added\": {}}]"}}, {"model": "admin.logentry", "pk": 157, "fields": {"action_time": "2022-10-16T02:51:04.815Z", "user": 10, "content_type": 14, "object_id": "40", "object_repr": "202215349087", "action_flag": 1, "change_message": "[{\"added\": {}}]"}}, {"model": "admin.logentry", "pk": 158, "fields": {"action_time": "2022-10-16T02:52:30.174Z", "user": 10, "content_type": 14, "object_id": "41", "object_repr": "2022148792388272", "action_flag": 1, "change_message": "[{\"added\": {}}]"}}, {"model": "admin.logentry", "pk": 159, "fields": {"action_time": "2022-10-16T10:29:24.243Z", "user": 10, "content_type": 14, "object_id": "43", "object_repr": "2022101614385243", "action_flag": 3, "change_message": ""}}, {"model": "admin.logentry", "pk": 160, "fields": {"action_time": "2022-10-16T10:29:24.249Z", "user": 10, "content_type": 14, "object_id": "42", "object_repr": "2022101614175342", "action_flag": 3, "change_message": ""}}, {"model": "admin.logentry", "pk": 161, "fields": {"action_time": "2022-10-16T10:29:24.251Z", "user": 10, "content_type": 14, "object_id": "41", "object_repr": "2022148792388272", "action_flag": 3, "change_message": ""}}, {"model": "admin.logentry", "pk": 162, "fields": {"action_time": "2022-10-16T10:29:24.252Z", "user": 10, "content_type": 14, "object_id": "40", "object_repr": "202215349087", "action_flag": 3, "change_message": ""}}, {"model": "admin.logentry", "pk": 163, "fields": {"action_time": "2022-10-16T10:29:24.253Z", "user": 10, "content_type": 14, "object_id": "39", "object_repr": "202215123411", "action_flag": 3, "change_message": ""}}, {"model": "admin.logentry", "pk": 164, "fields": {"action_time": "2022-10-18T07:51:13.265Z", "user": 10, "content_type": 6, "object_id": "57", "object_repr": "chikamalachy1@gmail.com", "action_flag": 3, "change_message": ""}}, {"model": "admin.logentry", "pk": 165, "fields": {"action_time": "2022-10-18T07:51:13.269Z", "user": 10, "content_type": 6, "object_id": "56", "object_repr": "techmagics1234@gmail.com", "action_flag": 3, "change_message": ""}}, {"model": "admin.logentry", "pk": 166, "fields": {"action_time": "2022-10-18T07:59:42.739Z", "user": 10, "content_type": 6, "object_id": "58", "object_repr": "chikamalachy1@gmail.com", "action_flag": 3, "change_message": ""}}, {"model": "admin.logentry", "pk": 167, "fields": {"action_time": "2022-10-18T08:19:20.005Z", "user": 10, "content_type": 6, "object_id": "59", "object_repr": "chikamalachy1@gmail.com", "action_flag": 3, "change_message": ""}}, {"model": "admin.logentry", "pk": 168, "fields": {"action_time": "2022-10-18T08:22:11.033Z", "user": 10, "content_type": 6, "object_id": "60", "object_repr": "chikamalachy1@gmail.com", "action_flag": 3, "change_message": ""}}, {"model": "admin.logentry", "pk": 169, "fields": {"action_time": "2022-10-18T09:06:28.143Z", "user": 10, "content_type": 6, "object_id": "61", "object_repr": "chikamalachy1@gmail.com", "action_flag": 2, "change_message": "[{\"changed\": {\"fields\": [\"Is active\"]}}]"}}, {"model": "admin.logentry", "pk": 170, "fields": {"action_time": "2022-10-22T23:43:58.217Z", "user": 10, "content_type": 7, "object_id": "41", "object_repr": "test2@mount.com.jp", "action_flag": 2, "change_message": "[{\"changed\": {\"fields\": [\"Address\"]}}]"}}, {"model": "auth.permission", "pk": 1, "fields": {"name": "Can add log entry", "content_type": 1, "codename": "add_logentry"}}, {"model": "auth.permission", "pk": 2, "fields": {"name": "Can change log entry", "content_type": 1, "codename": "change_logentry"}}, {"model": "auth.permission", "pk": 3, "fields": {"name": "Can delete log entry", "content_type": 1, "codename": "delete_logentry"}}, {"model": "auth.permission", "pk": 4, "fields": {"name": "Can view log entry", "content_type": 1, "codename": "view_logentry"}}, {"model": "auth.permission", "pk": 5, "fields": {"name": "Can add permission", "content_type": 2, "codename": "add_permission"}}, {"model": "auth.permission", "pk": 6, "fields": {"name": "Can change permission", "content_type": 2, "codename": "change_permission"}}, {"model": "auth.permission", "pk": 7, "fields": {"name": "Can delete permission", "content_type": 2, "codename": "delete_permission"}}, {"model": "auth.permission", "pk": 8, "fields": {"name": "Can view permission", "content_type": 2, "codename": "view_permission"}}, {"model": "auth.permission", "pk": 9, "fields": {"name": "Can add group", "content_type": 3, "codename": "add_group"}}, {"model": "auth.permission", "pk": 10, "fields": {"name": "Can change group", "content_type": 3, "codename": "change_group"}}, {"model": "auth.permission", "pk": 11, "fields": {"name": "Can delete group", "content_type": 3, "codename": "delete_group"}}, {"model": "auth.permission", "pk": 12, "fields": {"name": "Can view group", "content_type": 3, "codename": "view_group"}}, {"model": "auth.permission", "pk": 13, "fields": {"name": "Can add content type", "content_type": 4, "codename": "add_contenttype"}}, {"model": "auth.permission", "pk": 14, "fields": {"name": "Can change content type", "content_type": 4, "codename": "change_contenttype"}}, {"model": "auth.permission", "pk": 15, "fields": {"name": "Can delete content type", "content_type": 4, "codename": "delete_contenttype"}}, {"model": "auth.permission", "pk": 16, "fields": {"name": "Can view content type", "content_type": 4, "codename": "view_contenttype"}}, {"model": "auth.permission", "pk": 17, "fields": {"name": "Can add session", "content_type": 5, "codename": "add_session"}}, {"model": "auth.permission", "pk": 18, "fields": {"name": "Can change session", "content_type": 5, "codename": "change_session"}}, {"model": "auth.permission", "pk": 19, "fields": {"name": "Can delete session", "content_type": 5, "codename": "delete_session"}}, {"model": "auth.permission", "pk": 20, "fields": {"name": "Can view session", "content_type": 5, "codename": "view_session"}}, {"model": "auth.permission", "pk": 21, "fields": {"name": "Can add user", "content_type": 6, "codename": "add_user"}}, {"model": "auth.permission", "pk": 22, "fields": {"name": "Can change user", "content_type": 6, "codename": "change_user"}}, {"model": "auth.permission", "pk": 23, "fields": {"name": "Can delete user", "content_type": 6, "codename": "delete_user"}}, {"model": "auth.permission", "pk": 24, "fields": {"name": "Can view user", "content_type": 6, "codename": "view_user"}}, {"model": "auth.permission", "pk": 25, "fields": {"name": "Can add user profile", "content_type": 7, "codename": "add_userprofile"}}, {"model": "auth.permission", "pk": 26, "fields": {"name": "Can change user profile", "content_type": 7, "codename": "change_userprofile"}}, {"model": "auth.permission", "pk": 27, "fields": {"name": "Can delete user profile", "content_type": 7, "codename": "delete_userprofile"}}, {"model": "auth.permission", "pk": 28, "fields": {"name": "Can view user profile", "content_type": 7, "codename": "view_userprofile"}}, {"model": "auth.permission", "pk": 29, "fields": {"name": "Can add vendor", "content_type": 8, "codename": "add_vendor"}}, {"model": "auth.permission", "pk": 30, "fields": {"name": "Can change vendor", "content_type": 8, "codename": "change_vendor"}}, {"model": "auth.permission", "pk": 31, "fields": {"name": "Can delete vendor", "content_type": 8, "codename": "delete_vendor"}}, {"model": "auth.permission", "pk": 32, "fields": {"name": "Can view vendor", "content_type": 8, "codename": "view_vendor"}}, {"model": "auth.permission", "pk": 33, "fields": {"name": "Can add category", "content_type": 9, "codename": "add_category"}}, {"model": "auth.permission", "pk": 34, "fields": {"name": "Can change category", "content_type": 9, "codename": "change_category"}}, {"model": "auth.permission", "pk": 35, "fields": {"name": "Can delete category", "content_type": 9, "codename": "delete_category"}}, {"model": "auth.permission", "pk": 36, "fields": {"name": "Can view category", "content_type": 9, "codename": "view_category"}}, {"model": "auth.permission", "pk": 37, "fields": {"name": "Can add food item", "content_type": 10, "codename": "add_fooditem"}}, {"model": "auth.permission", "pk": 38, "fields": {"name": "Can change food item", "content_type": 10, "codename": "change_fooditem"}}, {"model": "auth.permission", "pk": 39, "fields": {"name": "Can delete food item", "content_type": 10, "codename": "delete_fooditem"}}, {"model": "auth.permission", "pk": 40, "fields": {"name": "Can view food item", "content_type": 10, "codename": "view_fooditem"}}, {"model": "auth.permission", "pk": 41, "fields": {"name": "Can add cart", "content_type": 11, "codename": "add_cart"}}, {"model": "auth.permission", "pk": 42, "fields": {"name": "Can change cart", "content_type": 11, "codename": "change_cart"}}, {"model": "auth.permission", "pk": 43, "fields": {"name": "Can delete cart", "content_type": 11, "codename": "delete_cart"}}, {"model": "auth.permission", "pk": 44, "fields": {"name": "Can view cart", "content_type": 11, "codename": "view_cart"}}, {"model": "auth.permission", "pk": 45, "fields": {"name": "Can add opening hour", "content_type": 12, "codename": "add_openinghour"}}, {"model": "auth.permission", "pk": 46, "fields": {"name": "Can change opening hour", "content_type": 12, "codename": "change_openinghour"}}, {"model": "auth.permission", "pk": 47, "fields": {"name": "Can delete opening hour", "content_type": 12, "codename": "delete_openinghour"}}, {"model": "auth.permission", "pk": 48, "fields": {"name": "Can view opening hour", "content_type": 12, "codename": "view_openinghour"}}, {"model": "auth.permission", "pk": 49, "fields": {"name": "Can add tax", "content_type": 13, "codename": "add_tax"}}, {"model": "auth.permission", "pk": 50, "fields": {"name": "Can change tax", "content_type": 13, "codename": "change_tax"}}, {"model": "auth.permission", "pk": 51, "fields": {"name": "Can delete tax", "content_type": 13, "codename": "delete_tax"}}, {"model": "auth.permission", "pk": 52, "fields": {"name": "Can view tax", "content_type": 13, "codename": "view_tax"}}, {"model": "auth.permission", "pk": 53, "fields": {"name": "Can add order", "content_type": 14, "codename": "add_order"}}, {"model": "auth.permission", "pk": 54, "fields": {"name": "Can change order", "content_type": 14, "codename": "change_order"}}, {"model": "auth.permission", "pk": 55, "fields": {"name": "Can delete order", "content_type": 14, "codename": "delete_order"}}, {"model": "auth.permission", "pk": 56, "fields": {"name": "Can view order", "content_type": 14, "codename": "view_order"}}, {"model": "auth.permission", "pk": 57, "fields": {"name": "Can add payment", "content_type": 15, "codename": "add_payment"}}, {"model": "auth.permission", "pk": 58, "fields": {"name": "Can change payment", "content_type": 15, "codename": "change_payment"}}, {"model": "auth.permission", "pk": 59, "fields": {"name": "Can delete payment", "content_type": 15, "codename": "delete_payment"}}, {"model": "auth.permission", "pk": 60, "fields": {"name": "Can view payment", "content_type": 15, "codename": "view_payment"}}, {"model": "auth.permission", "pk": 61, "fields": {"name": "Can add ordered food", "content_type": 16, "codename": "add_orderedfood"}}, {"model": "auth.permission", "pk": 62, "fields": {"name": "Can change ordered food", "content_type": 16, "codename": "change_orderedfood"}}, {"model": "auth.permission", "pk": 63, "fields": {"name": "Can delete ordered food", "content_type": 16, "codename": "delete_orderedfood"}}, {"model": "auth.permission", "pk": 64, "fields": {"name": "Can view ordered food", "content_type": 16, "codename": "view_orderedfood"}}, {"model": "contenttypes.contenttype", "pk": 1, "fields": {"app_label": "admin", "model": "logentry"}}, {"model": "contenttypes.contenttype", "pk": 2, "fields": {"app_label": "auth", "model": "permission"}}, {"model": "contenttypes.contenttype", "pk": 3, "fields": {"app_label": "auth", "model": "group"}}, {"model": "contenttypes.contenttype", "pk": 4, "fields": {"app_label": "contenttypes", "model": "contenttype"}}, {"model": "contenttypes.contenttype", "pk": 5, "fields": {"app_label": "sessions", "model": "session"}}, {"model": "contenttypes.contenttype", "pk": 6, "fields": {"app_label": "accounts", "model": "user"}}, {"model": "contenttypes.contenttype", "pk": 7, "fields": {"app_label": "accounts", "model": "userprofile"}}, {"model": "contenttypes.contenttype", "pk": 8, "fields": {"app_label": "vendor", "model": "vendor"}}, {"model": "contenttypes.contenttype", "pk": 9, "fields": {"app_label": "menu", "model": "category"}}, {"model": "contenttypes.contenttype", "pk": 10, "fields": {"app_label": "menu", "model": "fooditem"}}, {"model": "contenttypes.contenttype", "pk": 11, "fields": {"app_label": "marketplace", "model": "cart"}}, {"model": "contenttypes.contenttype", "pk": 12, "fields": {"app_label": "vendor", "model": "openinghour"}}, {"model": "contenttypes.contenttype", "pk": 13, "fields": {"app_label": "marketplace", "model": "tax"}}, {"model": "contenttypes.contenttype", "pk": 14, "fields": {"app_label": "orders", "model": "order"}}, {"model": "contenttypes.contenttype", "pk": 15, "fields": {"app_label": "orders", "model": "payment"}}, {"model": "contenttypes.contenttype", "pk": 16, "fields": {"app_label": "orders", "model": "orderedfood"}}, {"model": "sessions.session", "pk": "32zo9g4mw1ytex41u3ksc5xv5wrb7sl2", "fields": {"session_data": ".eJxVjDsOwjAQRO_iGllm4y8lPWew1us1DiBHipMKcXcSKQVounlv5i0irkuNa-c5jllchPbi9FsmpCe3neQHtvskaWrLPCa5K_KgXd6mzK_r4f4dVOx1W58xG4PJY7IFcnAOQTnKPGAJMFirigtBFWYiANRuC2hyBr0KCQqLzxcjBThz:1obbzg:6p8t6QJ9rhrxHP0fC9d2Wr9GXU10uSBC4XZ2R_ZFITU", "expire_date": "2022-10-07T06:17:00.872Z"}}, {"model": "sessions.session", "pk": "3nc17q5p39b7xo5rr7w90ygmjp7s8ef9", "fields": {"session_data": ".eJxVjDsOwjAQBe_iGln-x6Gkzxms9a6NA8iW4qRC3J1ESgHtm5n3ZgG2tYStpyXMxK5MCnb5HSPgM9WD0APqvXFsdV3myA-Fn7TzqVF63U7376BAL3utMmUjtVPeSgFpMGQ1oo0gITnhtHNmHJyQGbTK0XjMJpKPdrQG016yzxf7Xjf8:1omO5R:KjUPyYEuOOstpj1wCz0mIXmM1SMdeMdNK600Ctbctcw", "expire_date": "2022-11-05T23:39:29.389Z"}}, {"model": "sessions.session", "pk": "3nwm74veselu1v0f33wcf2auis5ymr2w", "fields": {"session_data": ".eJxVjDsOwjAQBe_iGln-x6Gkzxms9a6NA8iW4qRC3J1ESgHtm5n3ZgG2tYStpyXMxK5MCnb5HSPgM9WD0APqvXFsdV3myA-Fn7TzqVF63U7376BAL3utMmUjtVPeSgFpMGQ1oo0gITnhtHNmHJyQGbTK0XjMJpKPdrQG016yzxf7Xjf8:1oYonL:ZrxgZ8l5lx8TgWH4Z0iGznPj3VSE6AUUT0a0moEMoko", "expire_date": "2022-09-29T13:20:43.925Z"}}, {"model": "sessions.session", "pk": "4hwv9wfwysq2weq1q33ccrfhz8a0o0gf", "fields": {"session_data": ".eJxVjDsOwjAQRO_iGllm4y8lPWew1us1DiBHipMKcXcSKQVounlv5i0irkuNa-c5jllchPbi9FsmpCe3neQHtvskaWrLPCa5K_KgXd6mzK_r4f4dVOx1W58xG4PJY7IFcnAOQTnKPGAJMFirigtBFWYiANRuC2hyBr0KCQqLzxcjBThz:1ocifW:kc69IHAecRWAzcvO16eu_AxBJ3uB-Z_F9kPvZ92IEr4", "expire_date": "2022-10-10T07:36:46.939Z"}}, {"model": "sessions.session", "pk": "7xvbzakrjeecxfw7slunqpi4j9cr8pnq", "fields": {"session_data": ".eJxVjDsOwjAQBe_iGln-x6Gkzxms9a6NA8iW4qRC3J1ESgHtm5n3ZgG2tYStpyXMxK5MCnb5HSPgM9WD0APqvXFsdV3myA-Fn7TzqVF63U7376BAL3utMmUjtVPeSgFpMGQ1oo0gITnhtHNmHJyQGbTK0XjMJpKPdrQG016yzxf7Xjf8:1oYkf9:MGDIlSphjSuxIOysQ3-e_eYkPLUIg0prCaC-Lh1HN4s", "expire_date": "2022-09-29T08:55:59.438Z"}}, {"model": "sessions.session", "pk": "89nrmzbkm7ldfabetzmr0auhrqlmfsfh", "fields": {"session_data": ".eJxVjDsOwjAQBe_iGln-x6Gkzxms9a6NA8iW4qRC3J1ESgHtm5n3ZgG2tYStpyXMxK5MCnb5HSPgM9WD0APqvXFsdV3myA-Fn7TzqVF63U7376BAL3utMmUjtVPeSgFpMGQ1oo0gITnhtHNmHJyQGbTK0XjMJpKPdrQG016yzxf7Xjf8:1oe6Eu:jdhVxSGRN3v2nPVm_syYRqc1ncOViV8Re2ei84DNOo4", "expire_date": "2022-10-14T02:59:00.669Z"}}, {"model": "sessions.session", "pk": "aknyme89feoaelrx4vrbknfpj8kih9ve", "fields": {"session_data": ".eJxVjDsOwjAQRO_iGllm4y8lPWew1us1DiBHipMKcXcSKQVounlv5i0irkuNa-c5jllchPbi9FsmpCe3neQHtvskaWrLPCa5K_KgXd6mzK_r4f4dVOx1W58xG4PJY7IFcnAOQTnKPGAJMFirigtBFWYiANRuC2hyBr0KCQqLzxcjBThz:1ochwS:oCx-yeEMi6GU6tQxVIg2pYfF89u4De5ZeOnxtBenfpQ", "expire_date": "2022-10-10T06:50:12.716Z"}}, {"model": "sessions.session", "pk": "ca6rrlc50oonmqidmoxktne3he8q2tei", "fields": {"session_data": "e30:1obBCV:xTDUhzRjXnlqndlebj-wZXs8c5Vv3gpUAXTw75wssZk", "expire_date": "2022-10-06T01:40:27.217Z"}}, {"model": "sessions.session", "pk": "dd5ez9ajrdwji951rspdye8f9teav447", "fields": {"session_data": ".eJxVjMsOgjAQRf-la9MUZgqtS_d-QzOPVlADCYWV8d-VhIVu7znnvkyibR3SVvOSRjVng705_Y5M8sjTTvRO0222Mk_rMrLdFXvQaq-z5uflcP8OBqrDtybgyMLOUS--tNoxYskZJQCWpoXSNeqRmqDRe4gSQZwvQBgcZQU27w8mnTiO:1oemEC:Ede2YuQURd0AaXlFbA13FcvWbin_-TTbKO-w1AOP8wY", "expire_date": "2022-10-15T23:49:04.744Z"}}, {"model": "sessions.session", "pk": "f02lav0rzhulk39jljqb734766sw5t7z", "fields": {"session_data": ".eJxVjDsOwjAQRO_iGllm4y8lPWew1us1DiBHipMKcXcSKQVounlv5i0irkuNa-c5jllchPbi9FsmpCe3neQHtvskaWrLPCa5K_KgXd6mzK_r4f4dVOx1W58xG4PJY7IFcnAOQTnKPGAJMFirigtBFWYiANRuC2hyBr0KCQqLzxcjBThz:1obLYF:4wjo-YWL_C_pGpp6qvSrk2VFlhTkWn9QB8_sifyIBeg", "expire_date": "2022-10-06T12:43:35.902Z"}}, {"model": "sessions.session", "pk": "fxxvxocxud2kcnhepd8o3fg7imjnqafg", "fields": {"session_data": ".eJxVjDsOwjAQBe_iGln-x6Gkzxms9a6NA8iW4qRC3J1ESgHtm5n3ZgG2tYStpyXMxK5MCnb5HSPgM9WD0APqvXFsdV3myA-Fn7TzqVF63U7376BAL3utMmUjtVPeSgFpMGQ1oo0gITnhtHNmHJyQGbTK0XjMJpKPdrQG016yzxf7Xjf8:1ocn3e:mB38QHq5hTd0RZdewVbGKNd5itKlYlVBRsEhQQ7a5VA", "expire_date": "2022-10-10T12:17:58.453Z"}}, {"model": "sessions.session", "pk": "gi4c795r5omtssm54ige0myttwpc6wx3", "fields": {"session_data": ".eJxVjDsOwjAQRO_iGllm4y8lPWew1us1DiBHipMKcXcSKQVounlv5i0irkuNa-c5jllchPbi9FsmpCe3neQHtvskaWrLPCa5K_KgXd6mzK_r4f4dVOx1W58xG4PJY7IFcnAOQTnKPGAJMFirigtBFWYiANRuC2hyBr0KCQqLzxcjBThz:1ochVH:KsJeRVPtums284Ca03w-s6Pzd4NQd74ZolLt-V0e8zY", "expire_date": "2022-10-10T06:22:07.466Z"}}, {"model": "sessions.session", "pk": "grjv0uproj9vw53b3v2udi18x2qicp1w", "fields": {"session_data": ".eJxVjDsOwjAQRO_iGllm4y8lPWew1us1DiBHipMKcXcSKQVounlv5i0irkuNa-c5jllchPbi9FsmpCe3neQHtvskaWrLPCa5K_KgXd6mzK_r4f4dVOx1W58xG4PJY7IFcnAOQTnKPGAJMFirigtBFWYiANRuC2hyBr0KCQqLzxcjBThz:1ocgl4:zdstOjQ9FV5EYJy5mnDlX11rMtUKxdKoK_LFtzsFOlM", "expire_date": "2022-10-10T05:34:22.140Z"}}, {"model": "sessions.session", "pk": "inc85g7gkqwlyfu6vrbosxpxoagm4d2a", "fields": {"session_data": ".eJxVjDsOwjAQRO_iGllm4y8lPWew1us1DiBHipMKcXcSKQVounlv5i0irkuNa-c5jllchPbi9FsmpCe3neQHtvskaWrLPCa5K_KgXd6mzK_r4f4dVOx1W58xG4PJY7IFcnAOQTnKPGAJMFirigtBFWYiANRuC2hyBr0KCQqLzxcjBThz:1obw7i:Z-Vzg5zIT7ftPoBbn8XzTGLumspJ9SNc3cOI_5P0OKc", "expire_date": "2022-10-08T03:46:38.309Z"}}, {"model": "sessions.session", "pk": "ka3ps0ew3b94kqmuclwqv86bstdwxxp0", "fields": {"session_data": ".eJxVjMsOgjAQRf-la9MUZgqtS_d-QzOPVlADCYWV8d-VhIVu7znnvkyibR3SVvOSRjVng705_Y5M8sjTTvRO0222Mk_rMrLdFXvQaq-z5uflcP8OBqrDtybgyMLOUS--tNoxYskZJQCWpoXSNeqRmqDRe4gSQZwvQBgcZQU27w8mnTiO:1oirDP:KyFtt9hyxnY2SQo7JSRbtEHz9lHtCUuesqbQs9YWL0E", "expire_date": "2022-10-27T05:57:07.768Z"}}, {"model": "sessions.session", "pk": "mc7aiseepxsssov6zac9yh22p5v9d6oh", "fields": {"session_data": ".eJxVjrkOwyAQRP-FOkIcu4BTpvc3WMtlO7Gw5KOK8u8ByUXSzsx7mjcb6Dym4dzTNsyR3ZkU7PYbegqvVFoTn1TGlYe1HNvseZvwq915v8a0PK7tn2Cifaq0yjGD1EY5lIKShYg6BPQkKRlhtDHQWSNkJq2yBxcy-Og8dgghVbJKFzqqSAN3wilruhaVsX3WyAEtomOfL-xLQHA:1ohNL0:gyBgf3LcKZ5dMRP20GKwXvEzKy85RrcouJbz3HrvuQg", "expire_date": "2022-10-23T03:50:50.674Z"}}, {"model": "sessions.session", "pk": "mklirs0eu0p8zr5avp1qtfmxdkmzcqhr", "fields": {"session_data": ".eJxVjDsOwjAQBe_iGln-x6Gkzxms9a6NA8iW4qRC3J1ESgHtm5n3ZgG2tYStpyXMxK5MCnb5HSPgM9WD0APqvXFsdV3myA-Fn7TzqVF63U7376BAL3utMmUjtVPeSgFpMGQ1oo0gITnhtHNmHJyQGbTK0XjMJpKPdrQG016yzxf7Xjf8:1oYkFc:_jASn3VTUhMNzvtx6w2k8gWW9qI824GSZLjfD5qJTeE", "expire_date": "2022-09-29T08:29:36.916Z"}}, {"model": "sessions.session", "pk": "so06gcbo0qdhf1xg253uc9poraokefaw", "fields": {"session_data": ".eJxVjDsOwjAQBe_iGln-x6Gkzxms9a6NA8iW4qRC3J1ESgHtm5n3ZgG2tYStpyXMxK5MCnb5HSPgM9WD0APqvXFsdV3myA-Fn7TzqVF63U7376BAL3utMmUjtVPeSgFpMGQ1oo0gITnhtHNmHJyQGbTK0XjMJpKPdrQG016yzxf7Xjf8:1oiv80:Fnq5KYgOZyYlAjilch0Eb0YieC6BOFeYs5odA6aDYuk", "expire_date": "2022-10-27T10:07:48.117Z"}}, {"model": "sessions.session", "pk": "ss51q20y79m726nd2yfa6sfvl3ixmkiw", "fields": {"session_data": ".eJxVjDsOwjAQBe_iGln-x6Gkzxms9a6NA8iW4qRC3J1ESgHtm5n3ZgG2tYStpyXMxK5MCnb5HSPgM9WD0APqvXFsdV3myA-Fn7TzqVF63U7376BAL3utMmUjtVPeSgFpMGQ1oo0gITnhtHNmHJyQGbTK0XjMJpKPdrQG016yzxf7Xjf8:1ocEpp:7j0tptTer5_qMVoN3jC-4TIkp_g7czjpxmt8tMJygdQ", "expire_date": "2022-10-08T23:45:25.724Z"}}, {"model": "sessions.session", "pk": "v2rm466tymk041xk3b5uz9m0x9bw3lh0", "fields": {"session_data": ".eJxVjDsOwjAQBe_iGln-x6Gkzxms9a6NA8iW4qRC3J1ESgHtm5n3ZgG2tYStpyXMxK5MCnb5HSPgM9WD0APqvXFsdV3myA-Fn7TzqVF63U7376BAL3utMmUjtVPeSgFpMGQ1oo0gITnhtHNmHJyQGbTK0XjMJpKPdrQG016yzxf7Xjf8:1oeRNO:LJNGyJLU2ITC7WYNbgN5KPfWhkSxnnj1qMoqJbp7mCs", "expire_date": "2022-10-15T01:33:10.394Z"}}, {"model": "sessions.session", "pk": "xgkjv44r0zesdajq2s3mhcyuuayvog2z", "fields": {"session_data": ".eJxVjDsOwjAQRO_iGllm4y8lPWew1us1DiBHipMKcXcSKQVounlv5i0irkuNa-c5jllchPbi9FsmpCe3neQHtvskaWrLPCa5K_KgXd6mzK_r4f4dVOx1W58xG4PJY7IFcnAOQTnKPGAJMFirigtBFWYiANRuC2hyBr0KCQqLzxcjBThz:1oby64:D4OfJFqVdvH20iPWkcVs22Tl07Ef3ZE4KKzhCQ8Q2d0", "expire_date": "2022-10-08T05:53:04.401Z"}}, {"model": "accounts.user", "pk": 10, "fields": {"password": "pbkdf2_sha256$390000$2ppPNqAdrrmG8SIQqR7nJo$/QpMvKXQwo3pdS+JZwvFtLHU4HpKqst6hNLKZh0A8gc=", "first_name": "george", "last_name": "mountain", "username": "admin", "email": "george@gmail.com", "phone_number": "", "role": null, "date_joined": "2022-09-15T08:28:36.380Z", "last_login": "2022-10-22T23:39:29.385Z", "created_date": "2022-09-15T08:28:36.380Z", "modified_date": "2022-09-15T08:28:36.380Z", "is_admin": true, "is_staff": true, "is_active": true, "is_superadmin": true}}, {"model": "accounts.user", "pk": 47, "fields": {"password": "pbkdf2_sha256$390000$qE5S5y92LhoCiyxqLpTWpU$QZYm9Bvn3mmc3wBx4AVUUDPJNmp9Cd4fqBU8QGxAVoE=", "first_name": "Nzute", "last_name": "Okafor", "username": "Nzyman", "email": "nzuteokafor@gmail.com", "phone_number": "+81708765432", "role": 2, "date_joined": "2022-09-22T06:01:18.273Z", "last_login": "2022-10-20T06:51:41.154Z", "created_date": "2022-09-22T06:01:18.274Z", "modified_date": "2022-09-22T06:01:18.274Z", "is_admin": false, "is_staff": false, "is_active": true, "is_superadmin": false}}, {"model": "accounts.user", "pk": 48, "fields": {"password": "pbkdf2_sha256$390000$QgzQkzAYD44GgYXgRWfSUg$upjkNXIm7KXAD42O73ckV4/dGnByECu34ZqRb2YcN5I=", "first_name": "Mountain", "last_name": "George", "username": "GMountain", "email": "georgejiokem@gmail.com", "phone_number": "", "role": 1, "date_joined": "2022-09-22T06:48:09.009Z", "last_login": "2022-10-16T08:52:42.035Z", "created_date": "2022-09-22T06:48:09.009Z", "modified_date": "2022-09-22T06:48:09.009Z", "is_admin": false, "is_staff": false, "is_active": true, "is_superadmin": false}}, {"model": "accounts.user", "pk": 49, "fields": {"password": "pbkdf2_sha256$390000$TdAK8hMrW4KH2znZMdpvoP$R63JTVN078WhaEIn3tgByMP7naX2gN0twzGTkfFpq/w=", "first_name": "Chijioke", "last_name": "Mountain", "username": "EngrMountain", "email": "engrmountain@gmail.com", "phone_number": "", "role": 1, "date_joined": "2022-09-29T22:20:41.392Z", "last_login": "2022-10-16T06:24:16.767Z", "created_date": "2022-09-29T22:20:41.392Z", "modified_date": "2022-09-29T22:20:41.392Z", "is_admin": false, "is_staff": false, "is_active": true, "is_superadmin": false}}, {"model": "accounts.user", "pk": 53, "fields": {"password": "pbkdf2_sha256$390000$erusn4Z6jPyktcrqMh6ILi$ugkSCspt+O+65LUcmGxOs8uBFdhjeUcQqGTsVJIZOIA=", "first_name": "Takashi", "last_name": "Ryotoro", "username": "TakashiFood", "email": "test1i@mount.com.jp", "phone_number": "", "role": 1, "date_joined": "2022-10-05T08:49:18.709Z", "last_login": "2022-10-11T11:52:28.884Z", "created_date": "2022-10-05T08:49:18.709Z", "modified_date": "2022-10-05T08:49:18.709Z", "is_admin": false, "is_staff": false, "is_active": true, "is_superadmin": false}}, {"model": "accounts.user", "pk": 54, "fields": {"password": "pbkdf2_sha256$390000$bafDRsPyoNUZc3Vpc3CGsn$16YvvipmiHRZT2FCnxO7Fl6jILPleTJQ+B3v7QgI4Ko=", "first_name": "Koda", "last_name": "SUzuki", "username": "MinohResort", "email": "test2@mount.com.jp", "phone_number": "", "role": 1, "date_joined": "2022-10-05T09:11:32.053Z", "last_login": "2022-10-11T11:18:03.255Z", "created_date": "2022-10-05T09:11:32.053Z", "modified_date": "2022-10-05T09:11:32.053Z", "is_admin": false, "is_staff": false, "is_active": true, "is_superadmin": false}}, {"model": "accounts.user", "pk": 55, "fields": {"password": "pbkdf2_sha256$390000$1KUqLDHKRULA1ATKuQzEFz$MNIPjujI1uGiL0HvdjBJMvTwZXYfm6ndM6s6sZbQ2fQ=", "first_name": "Misao", "last_name": "Saito", "username": "UmedaResort", "email": "test3@mount.com.jp", "phone_number": "", "role": 1, "date_joined": "2022-10-05T09:13:49.256Z", "last_login": "2022-10-11T11:19:38.597Z", "created_date": "2022-10-05T09:13:49.256Z", "modified_date": "2022-10-05T09:13:49.256Z", "is_admin": false, "is_staff": false, "is_active": true, "is_superadmin": false}}, {"model": "accounts.user", "pk": 61, "fields": {"password": "pbkdf2_sha256$390000$Dbc9G8diXE5sMpr6gyEjDK$NmIDMpwqcCEJJWQ5MqdzszRIN1ZhP+TG8MYmQaPjXOc=", "first_name": "Diego", "last_name": "John", "username": "DiegoJohn", "email": "chikamalachy1@gmail.com", "phone_number": "+8190897656", "role": 2, "date_joined": "2022-10-18T08:23:16.931Z", "last_login": "2022-10-18T11:09:24.553Z", "created_date": "2022-10-18T08:23:16.931Z", "modified_date": "2022-10-18T08:23:16.931Z", "is_admin": false, "is_staff": false, "is_active": true, "is_superadmin": false}}, {"model": "accounts.userprofile", "pk": 5, "fields": {"user": 10, "profile_picture": "", "cover_photo": "", "address": null, "country": null, "state": null, "city": null, "pin_code": null, "latitude": null, "longitude": null, "location": null, "created_at": "2022-10-13T10:07:48.112Z", "modified_at": "2022-10-13T10:07:48.112Z"}}, {"model": "accounts.userprofile", "pk": 34, "fields": {"user": 47, "profile_picture": "users/profile_pictures/WhatsApp-Image-2021-03-03-at-20.37.08.jpeg", "cover_photo": "users/cover_photos/eclair-ge47579be0_1280.jpg", "address": "Miyayamacho 4-chome No.1 Park, 4 Chome-9 Miyayamacho, Toyonaka, Osaka, Japan", "country": "Japan", "state": "Osaka", "city": "Toyonaka", "pin_code": "560-0056", "latitude": "34.8101703", "longitude": "135.4623112", "location": "SRID=4326;POINT (135.4623112 34.8101703)", "created_at": "2022-10-20T06:51:41.181Z", "modified_at": "2022-10-20T06:51:41.181Z"}}, {"model": "accounts.userprofile", "pk": 35, "fields": {"user": 48, "profile_picture": "users/profile_pictures/Egusi_soup_3.jpg", "cover_photo": "users/cover_photos/japanese-food-g6bc934986_1920_j5VuJj3.jpg", "address": "Magodo GRA Phase II, Lagos, Nigeria", "country": "Nigeria", "state": "Lagos", "city": "Ikeja", "pin_code": "105102", "latitude": "6.6176339", "longitude": "3.3817264", "location": "SRID=4326;POINT (3.3817264 6.6176339)", "created_at": "2022-10-16T08:52:42.058Z", "modified_at": "2022-10-16T08:52:42.058Z"}}, {"model": "accounts.userprofile", "pk": 36, "fields": {"user": 49, "profile_picture": "users/profile_pictures/rice-g3876371b6_640.jpg", "cover_photo": "users/cover_photos/rice-gfef9a6b0e_1920.jpg", "address": "Toyonaka Shibahara Post Office, 1 Chome-2-2-101 Shibaharacho, Toyonaka, Osaka, Japan", "country": "Japan", "state": "Osaka", "city": "Toyonaka", "pin_code": "560-0055", "latitude": "34.8020227", "longitude": "135.4604012", "location": "SRID=4326;POINT (135.4604012 34.8020227)", "created_at": "2022-10-16T06:24:16.786Z", "modified_at": "2022-10-16T06:24:16.786Z"}}, {"model": "accounts.userprofile", "pk": 40, "fields": {"user": 53, "profile_picture": "users/profile_pictures/tempura-gb8d6fafe8_640.jpg", "cover_photo": "users/cover_photos/tempura-gb8d6fafe8_640.jpg", "address": "Hotarugaike Station, 1 Chome-5 Hotarugaike Higashimachi, Toyonaka, Osaka, Japan", "country": "Japan", "state": "Osaka", "city": "Toyonaka", "pin_code": "560-0032", "latitude": "34.794748", "longitude": "135.4492916", "location": "SRID=4326;POINT (135.4492916 34.794748)", "created_at": "2022-10-11T11:52:28.909Z", "modified_at": "2022-10-11T11:52:28.910Z"}}, {"model": "accounts.userprofile", "pk": 41, "fields": {"user": 54, "profile_picture": "users/profile_pictures/japanese-food-g38e0ef86d_640.jpg", "cover_photo": "users/cover_photos/japanese-g5074a5746_1920.jpg", "address": "toyonaka parking slot", "country": "Japan", "state": "Osaka", "city": "Osaka", "pin_code": "550-0002", "latitude": "34.6886255", "longitude": "135.4955727", "location": "SRID=4326;POINT (135.4955727 34.6886255)", "created_at": "2022-10-22T23:43:58.209Z", "modified_at": "2022-10-22T23:43:58.209Z"}}, {"model": "accounts.userprofile", "pk": 42, "fields": {"user": 55, "profile_picture": "users/profile_pictures/japanese-g824f972e5_640.jpg", "cover_photo": "users/cover_photos/barbecue-g6b40bb386_1920.jpg", "address": "Umeda, Kita Ward, Osaka, Japan", "country": "Japan", "state": "Osaka", "city": "Osaka", "pin_code": "530-0001", "latitude": "34.7005588", "longitude": "135.4957339", "location": "SRID=4326;POINT (135.4957339 34.7005588)", "created_at": "2022-10-11T11:19:38.641Z", "modified_at": "2022-10-11T11:19:38.641Z"}}, {"model": "accounts.userprofile", "pk": 48, "fields": {"user": 61, "profile_picture": "users/profile_pictures/food-g752f4b7c0_640.jpg", "cover_photo": "users/cover_photos/chinese-take-out-472927590-57d31fff3df78c5833464e7b.jpg", "address": "3-24 Miyayamacho, Toyonaka, Osaka, Japan", "country": "Japan", "state": "Osaka", "city": "Toyonaka", "pin_code": "560-0056", "latitude": "34.8082219", "longitude": "135.4578994", "location": "SRID=4326;POINT (135.4578994 34.8082219)", "created_at": "2022-10-18T11:09:24.578Z", "modified_at": "2022-10-18T11:09:24.578Z"}}, {"model": "vendor.vendor", "pk": 3, "fields": {"user": 48, "user_profile": 35, "vendor_name": "African Declicacies Chamber", "vendor_slug": "african-declicacies-chamber", "vendor_license": "vendor/license/vaccine-gad821a1b6_640_1_tFYTl72.jpg", "is_approved": true, "created_at": "2022-09-22T06:48:09.372Z", "modified_at": "2022-10-05T05:23:57.137Z"}}, {"model": "vendor.vendor", "pk": 4, "fields": {"user": 49, "user_profile": 36, "vendor_name": "MOUNTAINSOFT FOOD AND DELICACIES", "vendor_slug": "mountainsoft-food-and-delicacies", "vendor_license": "vendor/license/kidfree2.jpg", "is_approved": true, "created_at": "2022-09-29T22:20:41.475Z", "modified_at": "2022-10-09T04:09:16.536Z"}}, {"model": "vendor.vendor", "pk": 6, "fields": {"user": 53, "user_profile": 40, "vendor_name": "Ikeda Intercontinental Dishes", "vendor_slug": "ikeda-intercontinental-dishes-53", "vendor_license": "vendor/license/the-traditional-food-of-the-japanese.jpg", "is_approved": true, "created_at": "2022-10-05T08:49:18.729Z", "modified_at": "2022-10-08T02:45:09.071Z"}}, {"model": "vendor.vendor", "pk": 7, "fields": {"user": 54, "user_profile": 41, "vendor_name": "Minoh Chicken Resort", "vendor_slug": "minoh-chicken-resort-54", "vendor_license": "vendor/license/maxresdefault-25-1140x694.jpg", "is_approved": true, "created_at": "2022-10-05T09:11:32.072Z", "modified_at": "2022-10-08T02:46:09.238Z"}}, {"model": "vendor.vendor", "pk": 8, "fields": {"user": 55, "user_profile": 42, "vendor_name": "Umeda Continental Food and Resort", "vendor_slug": "umeda-continental-food-and-resort-55", "vendor_license": "vendor/license/maguro.jpg", "is_approved": true, "created_at": "2022-10-05T09:13:49.275Z", "modified_at": "2022-10-08T02:46:52.290Z"}}, {"model": "vendor.openinghour", "pk": 21, "fields": {"vendor": 3, "day": 3, "from_hour": "08:00 AM", "to_hour": "07:30 PM", "is_closed": false}}, {"model": "vendor.openinghour", "pk": 24, "fields": {"vendor": 3, "day": 4, "from_hour": "06:00 AM", "to_hour": "07:00 PM", "is_closed": false}}, {"model": "vendor.openinghour", "pk": 28, "fields": {"vendor": 7, "day": 1, "from_hour": "08:00 AM", "to_hour": "02:00 PM", "is_closed": false}}, {"model": "vendor.openinghour", "pk": 29, "fields": {"vendor": 7, "day": 1, "from_hour": "02:30 PM", "to_hour": "10:30 PM", "is_closed": false}}, {"model": "vendor.openinghour", "pk": 30, "fields": {"vendor": 7, "day": 2, "from_hour": "07:00 AM", "to_hour": "11:00 PM", "is_closed": false}}, {"model": "vendor.openinghour", "pk": 31, "fields": {"vendor": 7, "day": 3, "from_hour": "10:00 AM", "to_hour": "10:30 PM", "is_closed": false}}, {"model": "vendor.openinghour", "pk": 33, "fields": {"vendor": 8, "day": 3, "from_hour": "07:30 AM", "to_hour": "10:00 PM", "is_closed": false}}, {"model": "vendor.openinghour", "pk": 34, "fields": {"vendor": 8, "day": 2, "from_hour": "09:00 AM", "to_hour": "10:00 PM", "is_closed": false}}, {"model": "vendor.openinghour", "pk": 35, "fields": {"vendor": 8, "day": 1, "from_hour": "08:00 AM", "to_hour": "09:30 PM", "is_closed": false}}, {"model": "vendor.openinghour", "pk": 39, "fields": {"vendor": 4, "day": 2, "from_hour": "", "to_hour": "", "is_closed": true}}, {"model": "vendor.openinghour", "pk": 40, "fields": {"vendor": 4, "day": 3, "from_hour": "12:00 AM", "to_hour": "11:00 PM", "is_closed": false}}, {"model": "menu.category", "pk": 1, "fields": {"vendor": 3, "category_name": "African soup", "slug": "african-soup", "description": "All African Soups", "created_at": "2022-09-26T10:06:10.468Z", "updated_at": "2022-09-28T11:15:58.668Z"}}, {"model": "menu.category", "pk": 2, "fields": {"vendor": 3, "category_name": "Nigeria food", "slug": "nigeria-food", "description": "All Nigerian Local Foods", "created_at": "2022-09-26T10:06:49.984Z", "updated_at": "2022-09-26T12:18:53.569Z"}}, {"model": "menu.category", "pk": 3, "fields": {"vendor": 3, "category_name": "Chicken", "slug": "chicken", "description": "", "created_at": "2022-09-26T10:07:14.213Z", "updated_at": "2022-09-26T10:07:14.213Z"}}, {"model": "menu.category", "pk": 5, "fields": {"vendor": 3, "category_name": "Nihongo Food", "slug": "nihongo-food", "description": "Japanese foods such as Sushi, Ramen", "created_at": "2022-09-27T12:23:17.949Z", "updated_at": "2022-09-27T12:23:17.949Z"}}, {"model": "menu.category", "pk": 9, "fields": {"vendor": 4, "category_name": "Ghana jollof", "slug": "ghana-jollof", "description": "Delicious Ghana jollof rice", "created_at": "2022-09-29T22:26:56.212Z", "updated_at": "2022-09-29T22:26:56.212Z"}}, {"model": "menu.category", "pk": 10, "fields": {"vendor": 4, "category_name": "Japanese food", "slug": "japanese-food", "description": "All sorts of japanese foods", "created_at": "2022-10-02T11:42:02.727Z", "updated_at": "2022-10-02T11:42:02.727Z"}}, {"model": "menu.category", "pk": 11, "fields": {"vendor": 4, "category_name": "Asian delicacies", "slug": "asian-delicacies", "description": "Asian food: Chinese, Japanese, Taiwanese etc", "created_at": "2022-10-02T11:42:50.797Z", "updated_at": "2022-10-02T11:42:50.797Z"}}, {"model": "menu.category", "pk": 12, "fields": {"vendor": 8, "category_name": "Sushi food", "slug": "sushi-food", "description": "All kinds of sushi", "created_at": "2022-10-05T09:23:09.375Z", "updated_at": "2022-10-05T09:23:09.375Z"}}, {"model": "menu.category", "pk": 13, "fields": {"vendor": 8, "category_name": "Chicken and burgers", "slug": "chicken-and-burgers", "description": "Fried chicken and all sorts of chicken", "created_at": "2022-10-05T09:24:00.207Z", "updated_at": "2022-10-05T09:24:00.207Z"}}, {"model": "menu.category", "pk": 14, "fields": {"vendor": 8, "category_name": "Delicious ramen", "slug": "delicious-ramen", "description": "All kinds of Ramen", "created_at": "2022-10-05T09:24:33.809Z", "updated_at": "2022-10-05T09:24:33.809Z"}}, {"model": "menu.category", "pk": 16, "fields": {"vendor": 6, "category_name": "Japanese foods", "slug": "japanese-foods", "description": "All japanese foods such as ramen, sushi here", "created_at": "2022-10-05T09:50:28.643Z", "updated_at": "2022-10-05T09:50:28.643Z"}}, {"model": "menu.category", "pk": 17, "fields": {"vendor": 6, "category_name": "American foods", "slug": "american-foods", "description": "All American foods here", "created_at": "2022-10-05T09:50:59.718Z", "updated_at": "2022-10-05T09:50:59.718Z"}}, {"model": "menu.category", "pk": 18, "fields": {"vendor": 7, "category_name": "Minoh foods", "slug": "minoh-foods", "description": "All typical minoh foods", "created_at": "2022-10-05T09:55:17.123Z", "updated_at": "2022-10-05T09:55:17.123Z"}}, {"model": "menu.category", "pk": 19, "fields": {"vendor": 7, "category_name": "Japan dishes", "slug": "japan-dishes", "description": "All Japanese foods", "created_at": "2022-10-05T09:55:39.918Z", "updated_at": "2022-10-05T09:55:39.918Z"}}, {"model": "menu.category", "pk": 20, "fields": {"vendor": 6, "category_name": "Nihongo food", "slug": "nihongo-food-20", "description": "All sorts of traditional foods", "created_at": "2022-10-05T10:29:20.949Z", "updated_at": "2022-10-05T10:29:20.953Z"}}, {"model": "menu.fooditem", "pk": 2, "fields": {"vendor": 3, "category": 2, "food_title": "jollof rice", "slug": "jollof-rice", "description": "", "price": "14.00", "image": "foodimages/Jollof-Rice-With-Chicken-500x500.jpg", "is_available": true, "created_at": "2022-09-26T10:46:06.406Z", "updated_at": "2022-10-16T02:43:49.634Z"}}, {"model": "menu.fooditem", "pk": 3, "fields": {"vendor": 3, "category": 2, "food_title": "fried rice", "slug": "fried-rice", "description": "", "price": "6.00", "image": "foodimages/fried_rice.jpg", "is_available": true, "created_at": "2022-09-26T10:46:35.453Z", "updated_at": "2022-10-16T02:43:29.966Z"}}, {"model": "menu.fooditem", "pk": 4, "fields": {"vendor": 3, "category": 2, "food_title": "pepper soup", "slug": "pepper-soup", "description": "", "price": "15.00", "image": "foodimages/peper_soup.jfif", "is_available": true, "created_at": "2022-09-26T10:47:33.624Z", "updated_at": "2022-10-16T02:42:28.527Z"}}, {"model": "menu.fooditem", "pk": 6, "fields": {"vendor": 3, "category": 1, "food_title": "Igbo egusi soup", "slug": "igbo-egusi-soup", "description": "Delicious Igbo eguis soup with assorted meat and fish", "price": "7.00", "image": "foodimages/egusi_sVWGqhf.jpg", "is_available": true, "created_at": "2022-10-01T04:08:26.680Z", "updated_at": "2022-10-16T02:43:14.637Z"}}, {"model": "menu.fooditem", "pk": 7, "fields": {"vendor": 3, "category": 1, "food_title": "Nigeria Egusi and Okro", "slug": "nigeria-egusi-and-okro", "description": "Delicious Nigeria eguis soup with assorted meat and fish", "price": "9.00", "image": "foodimages/egusi_nAyqas9.jpg", "is_available": true, "created_at": "2022-10-01T04:09:43.314Z", "updated_at": "2022-10-16T02:42:14.219Z"}}, {"model": "menu.fooditem", "pk": 8, "fields": {"vendor": 3, "category": 3, "food_title": "Delicious Fried Chicken", "slug": "delicious-fried-chicken", "description": "Fresh delicious fried rice and chicken", "price": "12.00", "image": "foodimages/Jollof-Rice-With-Chicken-500x500_KRn1PI9.jpg", "is_available": true, "created_at": "2022-10-01T04:11:03.466Z", "updated_at": "2022-10-16T02:41:46.029Z"}}, {"model": "menu.fooditem", "pk": 9, "fields": {"vendor": 3, "category": 5, "food_title": "Kansai Sushi", "slug": "kansai-sushi", "description": "Delicious sushi fro Osaka and Kyoto", "price": "8.00", "image": "foodimages/sushi_robots_01.jpg", "is_available": true, "created_at": "2022-10-01T04:12:19.691Z", "updated_at": "2022-10-16T02:42:44.168Z"}}, {"model": "menu.fooditem", "pk": 10, "fields": {"vendor": 4, "category": 10, "food_title": "Pork Ramen", "slug": "pork-ramen", "description": "Ramen prepared with pork", "price": "700.00", "image": "foodimages/Shoyu-Ramen.jpg", "is_available": true, "created_at": "2022-10-02T11:44:38.747Z", "updated_at": "2022-10-02T11:44:38.747Z"}}, {"model": "menu.fooditem", "pk": 11, "fields": {"vendor": 4, "category": 10, "food_title": "Chiken ramen", "slug": "chiken-ramen", "description": "Ramen prepared with chicken", "price": "600.00", "image": "foodimages/the-traditional-food-of-the-japanese.jpg", "is_available": true, "created_at": "2022-10-02T11:45:17.460Z", "updated_at": "2022-10-02T11:45:17.460Z"}}, {"model": "menu.fooditem", "pk": 12, "fields": {"vendor": 4, "category": 11, "food_title": "Japanese Tuna", "slug": "japanese-tuna", "description": "Delicious japanese tuna", "price": "5.00", "image": "foodimages/maguro.jpg", "is_available": true, "created_at": "2022-10-02T11:46:46.191Z", "updated_at": "2022-10-16T02:42:00.495Z"}}, {"model": "menu.fooditem", "pk": 13, "fields": {"vendor": 4, "category": 11, "food_title": "Chinese Ramen", "slug": "chinese-ramen", "description": "Delicious  chinese ramen", "price": "10.00", "image": "foodimages/chinese-take-out-472927590-57d31fff3df78c5833464e7b.jpg", "is_available": true, "created_at": "2022-10-02T11:47:50.664Z", "updated_at": "2022-10-16T02:41:05.946Z"}}, {"model": "menu.fooditem", "pk": 14, "fields": {"vendor": 4, "category": 9, "food_title": "Delicious Accra Jollof", "slug": "delicious-accra-jollof", "description": "Delicious  Jollof rice: Accra made", "price": "13.00", "image": "foodimages/maxresdefault-25-1140x694.jpg", "is_available": true, "created_at": "2022-10-02T11:50:46.242Z", "updated_at": "2022-10-16T02:43:02.668Z"}}, {"model": "menu.fooditem", "pk": 15, "fields": {"vendor": 4, "category": 9, "food_title": "Jollof and Chicken", "slug": "jollof-and-chicken", "description": "Delicious  Jollof rice plus chicken: Accra made", "price": "8.00", "image": "foodimages/photo.jpg", "is_available": true, "created_at": "2022-10-02T11:51:40.213Z", "updated_at": "2022-10-16T02:41:25.296Z"}}, {"model": "menu.fooditem", "pk": 16, "fields": {"vendor": 8, "category": 12, "food_title": "Rolled sushi", "slug": "rolled-sushi", "description": "Delicious yellow sushi", "price": "200.00", "image": "foodimages/rolls-4604342_960_720.jpg", "is_available": true, "created_at": "2022-10-05T09:25:06.867Z", "updated_at": "2022-10-05T09:25:06.867Z"}}, {"model": "menu.fooditem", "pk": 17, "fields": {"vendor": 8, "category": 12, "food_title": "Sushi and Rice", "slug": "sushi-and-rice", "description": "Sushi plus rice. All in one delicious combo", "price": "400.00", "image": "foodimages/lunch-box-g57d6792a6_640.jpg", "is_available": true, "created_at": "2022-10-05T09:31:56.197Z", "updated_at": "2022-10-05T09:31:56.197Z"}}, {"model": "menu.fooditem", "pk": 18, "fields": {"vendor": 8, "category": 12, "food_title": "Sushi Salmon food", "slug": "sushi-salmon-food", "description": "Sushi salmon fish and rice", "price": "600.00", "image": "foodimages/sushi-g7f16b1849_640.jpg", "is_available": true, "created_at": "2022-10-05T09:33:27.119Z", "updated_at": "2022-10-05T09:33:27.119Z"}}, {"model": "menu.fooditem", "pk": 19, "fields": {"vendor": 8, "category": 13, "food_title": "Yakitori", "slug": "yakitori", "description": "Yakitori and beer", "price": "500.00", "image": "foodimages/yakitori-g2347623b0_640.jpg", "is_available": true, "created_at": "2022-10-05T09:36:10.290Z", "updated_at": "2022-10-05T09:36:10.290Z"}}, {"model": "menu.fooditem", "pk": 20, "fields": {"vendor": 8, "category": 13, "food_title": "barbeque meat pork", "slug": "barbeque-meat-pork", "description": "Delicious barbeque originally made in Osaka", "price": "400.00", "image": "foodimages/barbecue-g3c6c4f9c8_640.jpg", "is_available": true, "created_at": "2022-10-05T09:37:46.004Z", "updated_at": "2022-10-05T09:37:46.004Z"}}, {"model": "menu.fooditem", "pk": 21, "fields": {"vendor": 8, "category": 13, "food_title": "Grilled chicken", "slug": "grilled-chicken", "description": "Delicious grill chicken and sardin", "price": "300.00", "image": "foodimages/food-g752f4b7c0_640.jpg", "is_available": true, "created_at": "2022-10-05T09:38:48.366Z", "updated_at": "2022-10-05T09:38:48.366Z"}}, {"model": "menu.fooditem", "pk": 22, "fields": {"vendor": 8, "category": 14, "food_title": "Ramen and beef", "slug": "ramen-and-beef", "description": "Ramen with some pieces of beef", "price": "400.00", "image": "foodimages/restaurant-ge454aa8ab_640.jpg", "is_available": true, "created_at": "2022-10-05T09:41:05.982Z", "updated_at": "2022-10-05T09:41:05.982Z"}}, {"model": "menu.fooditem", "pk": 24, "fields": {"vendor": 8, "category": 14, "food_title": "pork ramen and beer", "slug": "pork-ramen-and-beer", "description": "Ramen with some pieces of beef", "price": "300.00", "image": "foodimages/food-g1bf305c17_640_FktDsiV.jpg", "is_available": true, "created_at": "2022-10-05T09:42:29.634Z", "updated_at": "2022-10-05T09:42:29.634Z"}}, {"model": "menu.fooditem", "pk": 25, "fields": {"vendor": 6, "category": 16, "food_title": "Osaka sushi", "slug": "osaka-sushi", "description": "Oshiri sushi made in Japan", "price": "300.00", "image": "foodimages/sushi-gc7283c834_1920.jpg", "is_available": true, "created_at": "2022-10-05T09:51:57.459Z", "updated_at": "2022-10-05T09:51:57.459Z"}}, {"model": "menu.fooditem", "pk": 26, "fields": {"vendor": 6, "category": 16, "food_title": "Ikeda tempura", "slug": "ikeda-tempura", "description": "Oshiri tempura made in Japan", "price": "400.00", "image": "foodimages/tempura-gb8d6fafe8_640.jpg", "is_available": true, "created_at": "2022-10-05T09:52:41.236Z", "updated_at": "2022-10-05T09:52:41.236Z"}}, {"model": "menu.fooditem", "pk": 27, "fields": {"vendor": 6, "category": 17, "food_title": "American white rice", "slug": "american-white-rice", "description": "Delicious rice made in California", "price": "300.00", "image": "foodimages/food-g752f4b7c0_640_bqj015v.jpg", "is_available": true, "created_at": "2022-10-05T09:53:37.947Z", "updated_at": "2022-10-05T09:53:37.947Z"}}, {"model": "menu.fooditem", "pk": 28, "fields": {"vendor": 7, "category": 18, "food_title": "Sushi in Minoh", "slug": "sushi-in-minoh", "description": "Delicious sushi made in Minoh", "price": "250.00", "image": "foodimages/sushi-gc7283c834_1920_fnXxkH1.jpg", "is_available": true, "created_at": "2022-10-05T09:56:31.281Z", "updated_at": "2022-10-05T09:56:31.281Z"}}, {"model": "menu.fooditem", "pk": 29, "fields": {"vendor": 7, "category": 18, "food_title": "Minoh only tempura", "slug": "minoh-only-tempura", "description": "Delicious tempura made in Minoh", "price": "300.00", "image": "foodimages/tempura-gb8d6fafe8_640_OXLyCLR.jpg", "is_available": true, "created_at": "2022-10-05T09:57:11.694Z", "updated_at": "2022-10-05T09:57:11.694Z"}}, {"model": "menu.fooditem", "pk": 30, "fields": {"vendor": 7, "category": 19, "food_title": "Osaka Ramen", "slug": "osaka-ramen", "description": "Delicious ramen made in Osaka", "price": "450.00", "image": "foodimages/food-g752f4b7c0_640_UuUOCzH.jpg", "is_available": true, "created_at": "2022-10-05T09:58:01.898Z", "updated_at": "2022-10-05T09:58:01.898Z"}}, {"model": "menu.fooditem", "pk": 32, "fields": {"vendor": 6, "category": 20, "food_title": "Kansai Sushi", "slug": "kansai-sushi-32", "description": "Delicous sushi from Kansai", "price": "240.00", "image": "foodimages/sushi-g7f16b1849_640_XeSGcRp.jpg", "is_available": true, "created_at": "2022-10-05T10:34:23.176Z", "updated_at": "2022-10-05T10:34:23.182Z"}}, {"model": "menu.fooditem", "pk": 33, "fields": {"vendor": 6, "category": 17, "food_title": "Delicious Fried Chicken", "slug": "delicious-fried-chicken-33", "description": "Delicous friedfrom New York City", "price": "600.00", "image": "foodimages/barbecue-g3c6c4f9c8_640_I924BWf.jpg", "is_available": true, "created_at": "2022-10-05T10:36:02.188Z", "updated_at": "2022-10-05T10:36:02.193Z"}}, {"model": "marketplace.cart", "pk": 49, "fields": {"user": 49, "fooditem": 3, "quantity": 3, "created_at": "2022-10-12T02:58:13.228Z", "updated_at": "2022-10-12T02:59:11.938Z"}}, {"model": "marketplace.cart", "pk": 50, "fields": {"user": 49, "fooditem": 8, "quantity": 1, "created_at": "2022-10-12T02:58:15.793Z", "updated_at": "2022-10-12T02:58:15.793Z"}}, {"model": "marketplace.cart", "pk": 51, "fields": {"user": 49, "fooditem": 28, "quantity": 2, "created_at": "2022-10-12T02:58:29.463Z", "updated_at": "2022-10-12T02:58:30.571Z"}}, {"model": "marketplace.cart", "pk": 52, "fields": {"user": 49, "fooditem": 30, "quantity": 2, "created_at": "2022-10-12T02:58:32.010Z", "updated_at": "2022-10-12T02:58:32.784Z"}}, {"model": "marketplace.cart", "pk": 53, "fields": {"user": 49, "fooditem": 16, "quantity": 1, "created_at": "2022-10-12T02:58:43.753Z", "updated_at": "2022-10-12T02:58:43.753Z"}}, {"model": "marketplace.cart", "pk": 54, "fields": {"user": 49, "fooditem": 17, "quantity": 1, "created_at": "2022-10-12T02:58:45.146Z", "updated_at": "2022-10-12T02:58:45.146Z"}}, {"model": "marketplace.cart", "pk": 55, "fields": {"user": 49, "fooditem": 14, "quantity": 1, "created_at": "2022-10-12T02:58:53.281Z", "updated_at": "2022-10-12T02:58:53.281Z"}}, {"model": "marketplace.cart", "pk": 56, "fields": {"user": 49, "fooditem": 15, "quantity": 1, "created_at": "2022-10-12T02:58:55.327Z", "updated_at": "2022-10-12T02:58:55.327Z"}}, {"model": "marketplace.cart", "pk": 167, "fields": {"user": 47, "fooditem": 25, "quantity": 1, "created_at": "2022-10-20T06:56:20.277Z", "updated_at": "2022-10-20T06:56:20.277Z"}}, {"model": "marketplace.cart", "pk": 168, "fields": {"user": 47, "fooditem": 26, "quantity": 1, "created_at": "2022-10-20T06:56:21.650Z", "updated_at": "2022-10-20T06:56:21.650Z"}}, {"model": "marketplace.cart", "pk": 169, "fields": {"user": 47, "fooditem": 27, "quantity": 2, "created_at": "2022-10-20T06:56:23.607Z", "updated_at": "2022-10-20T06:56:25.545Z"}}, {"model": "marketplace.tax", "pk": 2, "fields": {"tax_type": "CGST", "tax_percentage": "9.00", "is_active": true}}, {"model": "marketplace.tax", "pk": 3, "fields": {"tax_type": "SGST", "tax_percentage": "7.00", "is_active": true}}, {"model": "orders.payment", "pk": 1, "fields": {"user": 47, "transaction_id": "64653101601730729", "payment_method": "PayPal", "amount": "348.0", "status": "COMPLETED", "created_at": "2022-10-14T04:44:19.000Z"}}, {"model": "orders.payment", "pk": 2, "fields": {"user": 47, "transaction_id": "75N444590C514090L", "payment_method": "PayPal", "amount": "348.0", "status": "COMPLETED", "created_at": "2022-10-14T09:28:24.785Z"}}, {"model": "orders.payment", "pk": 3, "fields": {"user": 47, "transaction_id": "4MV33896JE4105633", "payment_method": "PayPal", "amount": "348.0", "status": "COMPLETED", "created_at": "2022-10-14T10:38:31.788Z"}}, {"model": "orders.payment", "pk": 4, "fields": {"user": 47, "transaction_id": "98L40682M0237872N", "payment_method": "PayPal", "amount": "1276.0", "status": "COMPLETED", "created_at": "2022-10-14T11:04:05.591Z"}}, {"model": "orders.payment", "pk": 5, "fields": {"user": 47, "transaction_id": "9A813525GX470794P", "payment_method": "PayPal", "amount": "1276.0", "status": "COMPLETED", "created_at": "2022-10-14T11:12:48.122Z"}}, {"model": "orders.payment", "pk": 6, "fields": {"user": 47, "transaction_id": "38S37729BY4808348", "payment_method": "PayPal", "amount": "812.0", "status": "COMPLETED", "created_at": "2022-10-14T11:23:31.822Z"}}, {"model": "orders.payment", "pk": 7, "fields": {"user": 47, "transaction_id": "0U671885AM031651W", "payment_method": "PayPal", "amount": "348.0", "status": "COMPLETED", "created_at": "2022-10-14T12:00:09.411Z"}}, {"model": "orders.payment", "pk": 8, "fields": {"user": 47, "transaction_id": "6SN111017R700151U", "payment_method": "PayPal", "amount": "348.0", "status": "COMPLETED", "created_at": "2022-10-14T12:04:35.642Z"}}, {"model": "orders.payment", "pk": 9, "fields": {"user": 47, "transaction_id": "4T1062731N035011E", "payment_method": "PayPal", "amount": "5336.0", "status": "COMPLETED", "created_at": "2022-10-15T07:47:43.356Z"}}, {"model": "orders.payment", "pk": 10, "fields": {"user": 47, "transaction_id": "77K05029W32135944", "payment_method": "PayPal", "amount": "10208.0", "status": "COMPLETED", "created_at": "2022-10-15T08:03:25.973Z"}}, {"model": "orders.payment", "pk": 11, "fields": {"user": 47, "transaction_id": "1A780997W9689973V", "payment_method": "PayPal", "amount": "99.76", "status": "COMPLETED", "created_at": "2022-10-16T05:18:11.227Z"}}, {"model": "orders.payment", "pk": 12, "fields": {"user": 48, "transaction_id": "91C22574W3157602L", "payment_method": "PayPal", "amount": "99.76", "status": "COMPLETED", "created_at": "2022-10-16T05:39:07.332Z"}}, {"model": "orders.payment", "pk": 13, "fields": {"user": 47, "transaction_id": "4C74626163993203H", "payment_method": "PayPal", "amount": "91.64", "status": "COMPLETED", "created_at": "2022-10-16T07:31:51.008Z"}}, {"model": "orders.payment", "pk": 14, "fields": {"user": 61, "transaction_id": "6WS70275L5352690A", "payment_method": "PayPal", "amount": "77.72", "status": "COMPLETED", "created_at": "2022-10-18T09:11:42.178Z"}}, {"model": "orders.payment", "pk": 15, "fields": {"user": 61, "transaction_id": "7YT868457Y105720S", "payment_method": "PayPal", "amount": "77.72", "status": "COMPLETED", "created_at": "2022-10-18T09:20:49.760Z"}}, {"model": "orders.payment", "pk": 16, "fields": {"user": 61, "transaction_id": "0DS84170UD2558434", "payment_method": "PayPal", "amount": "77.72", "status": "COMPLETED", "created_at": "2022-10-18T09:28:53.405Z"}}, {"model": "orders.payment", "pk": 17, "fields": {"user": 47, "transaction_id": "2BE51221PF054873W", "payment_method": "PayPal", "amount": "52.2", "status": "COMPLETED", "created_at": "2022-10-18T10:20:26.558Z"}}, {"model": "orders.payment", "pk": 18, "fields": {"user": 47, "transaction_id": "451637450V3347427", "payment_method": "PayPal", "amount": "34.8", "status": "COMPLETED", "created_at": "2022-10-18T10:26:54.572Z"}}, {"model": "orders.payment", "pk": 19, "fields": {"user": 47, "transaction_id": "60V26618B2464631D", "payment_method": "PayPal", "amount": "34.8", "status": "COMPLETED", "created_at": "2022-10-18T10:30:14.385Z"}}, {"model": "orders.payment", "pk": 20, "fields": {"user": 47, "transaction_id": "6YY221858S600363U", "payment_method": "PayPal", "amount": "77.72", "status": "COMPLETED", "created_at": "2022-10-18T10:33:47.524Z"}}, {"model": "orders.payment", "pk": 21, "fields": {"user": 47, "transaction_id": "48183024J7585803L", "payment_method": "PayPal", "amount": "107.88", "status": "COMPLETED", "created_at": "2022-10-18T10:42:22.658Z"}}, {"model": "orders.payment", "pk": 22, "fields": {"user": 47, "transaction_id": "82C54917FN086670H", "payment_method": "PayPal", "amount": "102.08", "status": "COMPLETED", "created_at": "2022-10-18T11:07:33.292Z"}}, {"model": "orders.payment", "pk": 23, "fields": {"user": 61, "transaction_id": "75W17104LK724633R", "payment_method": "PayPal", "amount": "132.24", "status": "COMPLETED", "created_at": "2022-10-18T11:10:09.137Z"}}, {"model": "orders.payment", "pk": 24, "fields": {"user": 61, "transaction_id": "76394260KV810791H", "payment_method": "PayPal", "amount": "106.72", "status": "COMPLETED", "created_at": "2022-10-20T04:30:36.333Z"}}, {"model": "orders.payment", "pk": 25, "fields": {"user": 47, "transaction_id": "7EA96556WX753140P", "payment_method": "PayPal", "amount": "1577.6", "status": "COMPLETED", "created_at": "2022-10-20T05:21:03.288Z"}}, {"model": "orders.payment", "pk": 26, "fields": {"user": 47, "transaction_id": "6MP68114UV5859052", "payment_method": "PayPal", "amount": "158.92", "status": "COMPLETED", "created_at": "2022-10-20T05:30:18.496Z"}}, {"model": "orders.payment", "pk": 27, "fields": {"user": 47, "transaction_id": "21N37871KD2853216", "payment_method": "PayPal", "amount": "264.48", "status": "COMPLETED", "created_at": "2022-10-20T05:34:21.280Z"}}, {"model": "orders.order", "pk": 44, "fields": {"user": 47, "payment": 13, "order_number": "2022101616313644", "first_name": "Nzute", "last_name": "Okafor", "phone": "+81708765432", "email": "nzuteokafor@gmail.com", "address": "Miyayamacho 4-chome No.1 Park, 4 Chome-9 Miyayamacho, Toyonaka, Osaka, Japan", "country": "Japan", "state": "Osaka", "city": "Toyonaka", "pin_code": "560-0056", "total": 91.64, "tax_data": "{\"CGST\": {\"9.00\": 7.11}, \"SGST\": {\"7.00\": 5.53}}", "total_data": "{\"3\": {\"61.00\": \"{'CGST': {'9.00': '5.49'}, 'SGST': {'7.00': '4.27'}}\"}, \"4\": {\"18.00\": \"{'CGST': {'9.00': '1.62'}, 'SGST': {'7.00': '1.26'}}\"}}", "total_tax": 12.64, "payment_method": "PayPal", "status": "New", "is_ordered": true, "created_at": "2022-10-16T07:31:36.147Z", "updated_at": "2022-10-16T07:31:51.014Z", "vendors": [3, 4]}}, {"model": "orders.order", "pk": 45, "fields": {"user": 61, "payment": 14, "order_number": "2022101818112045", "first_name": "Diego", "last_name": "John", "phone": "+8190897656", "email": "chikamalachy1@gmail.com", "address": "3-24 Miyayamacho, Toyonaka, Osaka, Japan", "country": "Japan", "state": "Osaka", "city": "Toyonaka", "pin_code": "560-0056", "total": 77.72, "tax_data": "{\"CGST\": {\"9.00\": 6.03}, \"SGST\": {\"7.00\": 4.69}}", "total_data": "{\"4\": {\"33.00\": \"{'CGST': {'9.00': '2.97'}, 'SGST': {'7.00': '2.31'}}\"}, \"3\": {\"34.00\": \"{'CGST': {'9.00': '3.06'}, 'SGST': {'7.00': '2.38'}}\"}}", "total_tax": 10.72, "payment_method": "PayPal", "status": "New", "is_ordered": true, "created_at": "2022-10-18T09:11:20.846Z", "updated_at": "2022-10-18T09:11:42.185Z", "vendors": [3, 4]}}, {"model": "orders.order", "pk": 46, "fields": {"user": 61, "payment": null, "order_number": "2022101818132546", "first_name": "Diego", "last_name": "John", "phone": "+8190897656", "email": "chikamalachy1@gmail.com", "address": "3-24 Miyayamacho, Toyonaka, Osaka, Japan", "country": "Japan", "state": "Osaka", "city": "Toyonaka", "pin_code": "560-0056", "total": 77.72, "tax_data": "{\"CGST\": {\"9.00\": 6.03}, \"SGST\": {\"7.00\": 4.69}}", "total_data": "{\"4\": {\"33.00\": \"{'CGST': {'9.00': '2.97'}, 'SGST': {'7.00': '2.31'}}\"}, \"3\": {\"34.00\": \"{'CGST': {'9.00': '3.06'}, 'SGST': {'7.00': '2.38'}}\"}}", "total_tax": 10.72, "payment_method": "PayPal", "status": "New", "is_ordered": false, "created_at": "2022-10-18T09:13:25.597Z", "updated_at": "2022-10-18T09:13:25.609Z", "vendors": [3, 4]}}, {"model": "orders.order", "pk": 47, "fields": {"user": 61, "payment": 15, "order_number": "2022101818203447", "first_name": "Diego", "last_name": "John", "phone": "+8190897656", "email": "chikamalachy1@gmail.com", "address": "3-24 Miyayamacho, Toyonaka, Osaka, Japan", "country": "Japan", "state": "Osaka", "city": "Toyonaka", "pin_code": "560-0056", "total": 77.72, "tax_data": "{\"CGST\": {\"9.00\": 6.03}, \"SGST\": {\"7.00\": 4.69}}", "total_data": "{\"4\": {\"33.00\": \"{'CGST': {'9.00': '2.97'}, 'SGST': {'7.00': '2.31'}}\"}, \"3\": {\"34.00\": \"{'CGST': {'9.00': '3.06'}, 'SGST': {'7.00': '2.38'}}\"}}", "total_tax": 10.72, "payment_method": "PayPal", "status": "New", "is_ordered": true, "created_at": "2022-10-18T09:20:34.468Z", "updated_at": "2022-10-18T09:20:49.766Z", "vendors": [3, 4]}}, {"model": "orders.order", "pk": 48, "fields": {"user": 61, "payment": 16, "order_number": "2022101818283948", "first_name": "Diego", "last_name": "John", "phone": "+8190897656", "email": "chikamalachy1@gmail.com", "address": "3-24 Miyayamacho, Toyonaka, Osaka, Japan", "country": "Japan", "state": "Osaka", "city": "Toyonaka", "pin_code": "560-0056", "total": 77.72, "tax_data": "{\"CGST\": {\"9.00\": 6.03}, \"SGST\": {\"7.00\": 4.69}}", "total_data": "{\"4\": {\"33.00\": \"{'CGST': {'9.00': '2.97'}, 'SGST': {'7.00': '2.31'}}\"}, \"3\": {\"34.00\": \"{'CGST': {'9.00': '3.06'}, 'SGST': {'7.00': '2.38'}}\"}}", "total_tax": 10.72, "payment_method": "PayPal", "status": "New", "is_ordered": true, "created_at": "2022-10-18T09:28:39.591Z", "updated_at": "2022-10-18T09:28:53.410Z", "vendors": [3, 4]}}, {"model": "orders.order", "pk": 49, "fields": {"user": 47, "payment": 17, "order_number": "2022101819201049", "first_name": "Nzute", "last_name": "Okafor", "phone": "+81708765432", "email": "nzuteokafor@gmail.com", "address": "Miyayamacho 4-chome No.1 Park, 4 Chome-9 Miyayamacho, Toyonaka, Osaka, Japan", "country": "Japan", "state": "Osaka", "city": "Toyonaka", "pin_code": "560-0056", "total": 52.2, "tax_data": "{\"CGST\": {\"9.00\": 4.05}, \"SGST\": {\"7.00\": 3.15}}", "total_data": "{\"3\": {\"27.00\": \"{'CGST': {'9.00': '2.43'}, 'SGST': {'7.00': '1.89'}}\"}, \"4\": {\"18.00\": \"{'CGST': {'9.00': '1.62'}, 'SGST': {'7.00': '1.26'}}\"}}", "total_tax": 7.2, "payment_method": "PayPal", "status": "New", "is_ordered": true, "created_at": "2022-10-18T10:20:10.854Z", "updated_at": "2022-10-18T10:20:26.564Z", "vendors": [3, 4]}}, {"model": "orders.order", "pk": 50, "fields": {"user": 47, "payment": 18, "order_number": "2022101819264150", "first_name": "Nzute", "last_name": "Okafor", "phone": "+81708765432", "email": "nzuteokafor@gmail.com", "address": "Miyayamacho 4-chome No.1 Park, 4 Chome-9 Miyayamacho, Toyonaka, Osaka, Japan", "country": "Japan", "state": "Osaka", "city": "Toyonaka", "pin_code": "560-0056", "total": 34.8, "tax_data": "{\"CGST\": {\"9.00\": 2.70}, \"SGST\": {\"7.00\": 2.10}}", "total_data": "{\"3\": {\"12.00\": \"{'CGST': {'9.00': '1.08'}, 'SGST': {'7.00': '0.84'}}\"}, \"4\": {\"18.00\": \"{'CGST': {'9.00': '1.62'}, 'SGST': {'7.00': '1.26'}}\"}}", "total_tax": 4.8, "payment_method": "PayPal", "status": "New", "is_ordered": true, "created_at": "2022-10-18T10:26:41.261Z", "updated_at": "2022-10-18T10:26:54.592Z", "vendors": [3, 4]}}, {"model": "orders.order", "pk": 51, "fields": {"user": 47, "payment": 19, "order_number": "2022101819300151", "first_name": "Nzute", "last_name": "Okafor", "phone": "+81708765432", "email": "nzuteokafor@gmail.com", "address": "Miyayamacho 4-chome No.1 Park, 4 Chome-9 Miyayamacho, Toyonaka, Osaka, Japan", "country": "Japan", "state": "Osaka", "city": "Toyonaka", "pin_code": "560-0056", "total": 34.8, "tax_data": "{\"CGST\": {\"9.00\": 2.70}, \"SGST\": {\"7.00\": 2.10}}", "total_data": "{\"3\": {\"12.00\": \"{'CGST': {'9.00': '1.08'}, 'SGST': {'7.00': '0.84'}}\"}, \"4\": {\"18.00\": \"{'CGST': {'9.00': '1.62'}, 'SGST': {'7.00': '1.26'}}\"}}", "total_tax": 4.8, "payment_method": "PayPal", "status": "New", "is_ordered": true, "created_at": "2022-10-18T10:30:01.252Z", "updated_at": "2022-10-18T10:30:14.390Z", "vendors": [3, 4]}}, {"model": "orders.order", "pk": 52, "fields": {"user": 47, "payment": 20, "order_number": "2022101819333152", "first_name": "Nzute", "last_name": "Okafor", "phone": "+81708765432", "email": "nzuteokafor@gmail.com", "address": "Miyayamacho 4-chome No.1 Park, 4 Chome-9 Miyayamacho, Toyonaka, Osaka, Japan", "country": "Japan", "state": "Osaka", "city": "Toyonaka", "pin_code": "560-0056", "total": 77.72, "tax_data": "{\"CGST\": {\"9.00\": 6.03}, \"SGST\": {\"7.00\": 4.69}}", "total_data": "{\"4\": {\"28.00\": \"{'CGST': {'9.00': '2.52'}, 'SGST': {'7.00': '1.96'}}\"}, \"3\": {\"39.00\": \"{'CGST': {'9.00': '3.51'}, 'SGST': {'7.00': '2.73'}}\"}}", "total_tax": 10.72, "payment_method": "PayPal", "status": "New", "is_ordered": true, "created_at": "2022-10-18T10:33:31.003Z", "updated_at": "2022-10-18T10:33:47.533Z", "vendors": [3, 4]}}, {"model": "orders.order", "pk": 53, "fields": {"user": 47, "payment": 21, "order_number": "2022101819415153", "first_name": "Nzute", "last_name": "Okafor", "phone": "+81708765432", "email": "nzuteokafor@gmail.com", "address": "Miyayamacho 4-chome No.1 Park, 4 Chome-9 Miyayamacho, Toyonaka, Osaka, Japan", "country": "Japan", "state": "Osaka", "city": "Toyonaka", "pin_code": "560-0056", "total": 107.88, "tax_data": "{\"CGST\": {\"9.00\": 8.37}, \"SGST\": {\"7.00\": 6.51}}", "total_data": "{\"3\": {\"52.00\": \"{'CGST': {'9.00': '4.68'}, 'SGST': {'7.00': '3.64'}}\"}, \"4\": {\"41.00\": \"{'CGST': {'9.00': '3.69'}, 'SGST': {'7.00': '2.87'}}\"}}", "total_tax": 14.88, "payment_method": "PayPal", "status": "New", "is_ordered": true, "created_at": "2022-10-18T10:41:51.142Z", "updated_at": "2022-10-18T10:42:22.665Z", "vendors": [3, 4]}}, {"model": "orders.order", "pk": 54, "fields": {"user": 47, "payment": 22, "order_number": "2022101820071254", "first_name": "Nzute", "last_name": "Okafor", "phone": "+81708765432", "email": "nzuteokafor@gmail.com", "address": "Miyayamacho 4-chome No.1 Park, 4 Chome-9 Miyayamacho, Toyonaka, Osaka, Japan", "country": "Japan", "state": "Osaka", "city": "Toyonaka", "pin_code": "560-0056", "total": 102.08, "tax_data": "{\"CGST\": {\"9.00\": 7.92}, \"SGST\": {\"7.00\": 6.16}}", "total_data": "{\"4\": {\"31.00\": \"{'CGST': {'9.00': '2.79'}, 'SGST': {'7.00': '2.17'}}\"}, \"3\": {\"57.00\": \"{'CGST': {'9.00': '5.13'}, 'SGST': {'7.00': '3.99'}}\"}}", "total_tax": 14.08, "payment_method": "PayPal", "status": "New", "is_ordered": true, "created_at": "2022-10-18T11:07:12.017Z", "updated_at": "2022-10-18T11:07:33.298Z", "vendors": [3, 4]}}, {"model": "orders.order", "pk": 55, "fields": {"user": 61, "payment": 23, "order_number": "2022101820095555", "first_name": "Diego", "last_name": "John", "phone": "+8190897656", "email": "chikamalachy1@gmail.com", "address": "3-24 Miyayamacho, Toyonaka, Osaka, Japan", "country": "Japan", "state": "Osaka", "city": "Toyonaka", "pin_code": "560-0056", "total": 132.24, "tax_data": "{\"CGST\": {\"9.00\": 10.26}, \"SGST\": {\"7.00\": 7.98}}", "total_data": "{\"4\": {\"56.00\": \"{'CGST': {'9.00': '5.04'}, 'SGST': {'7.00': '3.92'}}\"}, \"3\": {\"58.00\": \"{'CGST': {'9.00': '5.22'}, 'SGST': {'7.00': '4.06'}}\"}}", "total_tax": 18.24, "payment_method": "PayPal", "status": "New", "is_ordered": true, "created_at": "2022-10-18T11:09:55.399Z", "updated_at": "2022-10-18T11:10:09.142Z", "vendors": [3, 4]}}, {"model": "orders.order", "pk": 56, "fields": {"user": 61, "payment": 24, "order_number": "2022102013294956", "first_name": "Diego", "last_name": "John", "phone": "+8190897656", "email": "chikamalachy1@gmail.com", "address": "3-24 Miyayamacho, Toyonaka, Osaka, Japan", "country": "Japan", "state": "Osaka", "city": "Toyonaka", "pin_code": "560-0056", "total": 106.72, "tax_data": "{\"CGST\": {\"9.00\": 8.28}, \"SGST\": {\"7.00\": 6.44}}", "total_data": "{\"4\": {\"31.00\": \"{'CGST': {'9.00': '2.79'}, 'SGST': {'7.00': '2.17'}}\"}, \"3\": {\"61.00\": \"{'CGST': {'9.00': '5.49'}, 'SGST': {'7.00': '4.27'}}\"}}", "total_tax": 14.72, "payment_method": "PayPal", "status": "New", "is_ordered": true, "created_at": "2022-10-20T04:29:49.435Z", "updated_at": "2022-10-20T04:30:36.337Z", "vendors": [3, 4]}}, {"model": "orders.order", "pk": 57, "fields": {"user": 47, "payment": 25, "order_number": "2022102014204057", "first_name": "Nzute", "last_name": "Okafor", "phone": "+81708765432", "email": "nzuteokafor@gmail.com", "address": "Miyayamacho 4-chome No.1 Park, 4 Chome-9 Miyayamacho, Toyonaka, Osaka, Japan", "country": "Japan", "state": "Osaka", "city": "Toyonaka", "pin_code": "560-0056", "total": 1577.6, "tax_data": "{\"CGST\": {\"9.00\": 122.40}, \"SGST\": {\"7.00\": 95.20}}", "total_data": "{\"4\": {\"1262.00\": \"{'CGST': {'9.00': '113.58'}, 'SGST': {'7.00': '88.34'}}\"}, \"3\": {\"98.00\": \"{'CGST': {'9.00': '8.82'}, 'SGST': {'7.00': '6.86'}}\"}}", "total_tax": 217.6, "payment_method": "PayPal", "status": "New", "is_ordered": true, "created_at": "2022-10-20T05:20:40.959Z", "updated_at": "2022-10-20T05:21:03.295Z", "vendors": [3, 4]}}, {"model": "orders.order", "pk": 58, "fields": {"user": 47, "payment": 26, "order_number": "2022102014295358", "first_name": "Nzute", "last_name": "Okafor", "phone": "+81708765432", "email": "nzuteokafor@gmail.com", "address": "Miyayamacho 4-chome No.1 Park, 4 Chome-9 Miyayamacho, Toyonaka, Osaka, Japan", "country": "Japan", "state": "Osaka", "city": "Toyonaka", "pin_code": "560-0056", "total": 158.92, "tax_data": "{\"CGST\": {\"9.00\": 12.33}, \"SGST\": {\"7.00\": 9.59}}", "total_data": "{\"4\": {\"69.00\": \"{'CGST': {'9.00': '6.21'}, 'SGST': {'7.00': '4.83'}}\"}, \"3\": {\"68.00\": \"{'CGST': {'9.00': '6.12'}, 'SGST': {'7.00': '4.76'}}\"}}", "total_tax": 21.92, "payment_method": "PayPal", "status": "New", "is_ordered": true, "created_at": "2022-10-20T05:29:53.280Z", "updated_at": "2022-10-20T05:30:18.500Z", "vendors": [3, 4]}}, {"model": "orders.order", "pk": 59, "fields": {"user": 47, "payment": 27, "order_number": "2022102014340559", "first_name": "Nzute", "last_name": "Okafor", "phone": "+81708765432", "email": "nzuteokafor@gmail.com", "address": "Miyayamacho 4-chome No.1 Park, 4 Chome-9 Miyayamacho, Toyonaka, Osaka, Japan", "country": "Japan", "state": "Osaka", "city": "Toyonaka", "pin_code": "560-0056", "total": 264.48, "tax_data": "{\"CGST\": {\"9.00\": 20.52}, \"SGST\": {\"7.00\": 15.96}}", "total_data": "{\"4\": {\"110.00\": \"{'CGST': {'9.00': '9.90'}, 'SGST': {'7.00': '7.70'}}\"}, \"3\": {\"118.00\": \"{'CGST': {'9.00': '10.62'}, 'SGST': {'7.00': '8.26'}}\"}}", "total_tax": 36.48, "payment_method": "PayPal", "status": "New", "is_ordered": true, "created_at": "2022-10-20T05:34:05.141Z", "updated_at": "2022-10-20T05:34:21.287Z", "vendors": [3, 4]}}, {"model": "orders.orderedfood", "pk": 37, "fields": {"order": 44, "payment": 13, "user": 47, "fooditem": 4, "quantity": 2, "price": 15.0, "amount": 30.0, "created_at": "2022-10-16T07:31:51.041Z", "updated_at": "2022-10-16T07:31:51.041Z"}}, {"model": "orders.orderedfood", "pk": 38, "fields": {"order": 44, "payment": 13, "user": 47, "fooditem": 9, "quantity": 1, "price": 8.0, "amount": 8.0, "created_at": "2022-10-16T07:31:51.049Z", "updated_at": "2022-10-16T07:31:51.049Z"}}, {"model": "orders.orderedfood", "pk": 39, "fields": {"order": 44, "payment": 13, "user": 47, "fooditem": 15, "quantity": 1, "price": 8.0, "amount": 8.0, "created_at": "2022-10-16T07:31:51.055Z", "updated_at": "2022-10-16T07:31:51.055Z"}}, {"model": "orders.orderedfood", "pk": 40, "fields": {"order": 44, "payment": 13, "user": 47, "fooditem": 12, "quantity": 2, "price": 5.0, "amount": 10.0, "created_at": "2022-10-16T07:31:51.058Z", "updated_at": "2022-10-16T07:31:51.058Z"}}, {"model": "orders.orderedfood", "pk": 41, "fields": {"order": 44, "payment": 13, "user": 47, "fooditem": 7, "quantity": 1, "price": 9.0, "amount": 9.0, "created_at": "2022-10-16T07:31:51.062Z", "updated_at": "2022-10-16T07:31:51.062Z"}}, {"model": "orders.orderedfood", "pk": 42, "fields": {"order": 44, "payment": 13, "user": 47, "fooditem": 6, "quantity": 2, "price": 7.0, "amount": 14.0, "created_at": "2022-10-16T07:31:51.066Z", "updated_at": "2022-10-16T07:31:51.066Z"}}, {"model": "orders.orderedfood", "pk": 43, "fields": {"order": 45, "payment": 14, "user": 61, "fooditem": 14, "quantity": 1, "price": 13.0, "amount": 13.0, "created_at": "2022-10-18T09:11:42.204Z", "updated_at": "2022-10-18T09:11:42.204Z"}}, {"model": "orders.orderedfood", "pk": 44, "fields": {"order": 45, "payment": 14, "user": 61, "fooditem": 13, "quantity": 2, "price": 10.0, "amount": 20.0, "created_at": "2022-10-18T09:11:42.211Z", "updated_at": "2022-10-18T09:11:42.211Z"}}, {"model": "orders.orderedfood", "pk": 45, "fields": {"order": 45, "payment": 14, "user": 61, "fooditem": 3, "quantity": 2, "price": 6.0, "amount": 12.0, "created_at": "2022-10-18T09:11:42.216Z", "updated_at": "2022-10-18T09:11:42.217Z"}}, {"model": "orders.orderedfood", "pk": 46, "fields": {"order": 45, "payment": 14, "user": 61, "fooditem": 9, "quantity": 1, "price": 8.0, "amount": 8.0, "created_at": "2022-10-18T09:11:42.221Z", "updated_at": "2022-10-18T09:11:42.222Z"}}, {"model": "orders.orderedfood", "pk": 47, "fields": {"order": 45, "payment": 14, "user": 61, "fooditem": 6, "quantity": 2, "price": 7.0, "amount": 14.0, "created_at": "2022-10-18T09:11:42.227Z", "updated_at": "2022-10-18T09:11:42.227Z"}}, {"model": "orders.orderedfood", "pk": 48, "fields": {"order": 47, "payment": 15, "user": 61, "fooditem": 14, "quantity": 1, "price": 13.0, "amount": 13.0, "created_at": "2022-10-18T09:20:49.791Z", "updated_at": "2022-10-18T09:20:49.791Z"}}, {"model": "orders.orderedfood", "pk": 49, "fields": {"order": 47, "payment": 15, "user": 61, "fooditem": 13, "quantity": 2, "price": 10.0, "amount": 20.0, "created_at": "2022-10-18T09:20:49.800Z", "updated_at": "2022-10-18T09:20:49.800Z"}}, {"model": "orders.orderedfood", "pk": 50, "fields": {"order": 47, "payment": 15, "user": 61, "fooditem": 3, "quantity": 2, "price": 6.0, "amount": 12.0, "created_at": "2022-10-18T09:20:49.805Z", "updated_at": "2022-10-18T09:20:49.805Z"}}, {"model": "orders.orderedfood", "pk": 51, "fields": {"order": 47, "payment": 15, "user": 61, "fooditem": 9, "quantity": 1, "price": 8.0, "amount": 8.0, "created_at": "2022-10-18T09:20:49.812Z", "updated_at": "2022-10-18T09:20:49.812Z"}}, {"model": "orders.orderedfood", "pk": 52, "fields": {"order": 47, "payment": 15, "user": 61, "fooditem": 6, "quantity": 2, "price": 7.0, "amount": 14.0, "created_at": "2022-10-18T09:20:49.818Z", "updated_at": "2022-10-18T09:20:49.818Z"}}, {"model": "orders.orderedfood", "pk": 53, "fields": {"order": 48, "payment": 16, "user": 61, "fooditem": 14, "quantity": 1, "price": 13.0, "amount": 13.0, "created_at": "2022-10-18T09:28:53.431Z", "updated_at": "2022-10-18T09:28:53.431Z"}}, {"model": "orders.orderedfood", "pk": 54, "fields": {"order": 48, "payment": 16, "user": 61, "fooditem": 13, "quantity": 2, "price": 10.0, "amount": 20.0, "created_at": "2022-10-18T09:28:53.439Z", "updated_at": "2022-10-18T09:28:53.439Z"}}, {"model": "orders.orderedfood", "pk": 55, "fields": {"order": 48, "payment": 16, "user": 61, "fooditem": 3, "quantity": 2, "price": 6.0, "amount": 12.0, "created_at": "2022-10-18T09:28:53.445Z", "updated_at": "2022-10-18T09:28:53.445Z"}}, {"model": "orders.orderedfood", "pk": 56, "fields": {"order": 48, "payment": 16, "user": 61, "fooditem": 9, "quantity": 1, "price": 8.0, "amount": 8.0, "created_at": "2022-10-18T09:28:53.450Z", "updated_at": "2022-10-18T09:28:53.450Z"}}, {"model": "orders.orderedfood", "pk": 57, "fields": {"order": 48, "payment": 16, "user": 61, "fooditem": 6, "quantity": 2, "price": 7.0, "amount": 14.0, "created_at": "2022-10-18T09:28:53.455Z", "updated_at": "2022-10-18T09:28:53.455Z"}}, {"model": "orders.orderedfood", "pk": 58, "fields": {"order": 49, "payment": 17, "user": 47, "fooditem": 4, "quantity": 1, "price": 15.0, "amount": 15.0, "created_at": "2022-10-18T10:20:26.587Z", "updated_at": "2022-10-18T10:20:26.588Z"}}, {"model": "orders.orderedfood", "pk": 59, "fields": {"order": 49, "payment": 17, "user": 47, "fooditem": 3, "quantity": 2, "price": 6.0, "amount": 12.0, "created_at": "2022-10-18T10:20:26.596Z", "updated_at": "2022-10-18T10:20:26.596Z"}}, {"model": "orders.orderedfood", "pk": 60, "fields": {"order": 49, "payment": 17, "user": 47, "fooditem": 15, "quantity": 1, "price": 8.0, "amount": 8.0, "created_at": "2022-10-18T10:20:26.600Z", "updated_at": "2022-10-18T10:20:26.600Z"}}, {"model": "orders.orderedfood", "pk": 61, "fields": {"order": 49, "payment": 17, "user": 47, "fooditem": 12, "quantity": 2, "price": 5.0, "amount": 10.0, "created_at": "2022-10-18T10:20:26.605Z", "updated_at": "2022-10-18T10:20:26.605Z"}}, {"model": "orders.orderedfood", "pk": 62, "fields": {"order": 50, "payment": 18, "user": 47, "fooditem": 3, "quantity": 2, "price": 6.0, "amount": 12.0, "created_at": "2022-10-18T10:26:54.615Z", "updated_at": "2022-10-18T10:26:54.615Z"}}, {"model": "orders.orderedfood", "pk": 63, "fields": {"order": 50, "payment": 18, "user": 47, "fooditem": 15, "quantity": 1, "price": 8.0, "amount": 8.0, "created_at": "2022-10-18T10:26:54.623Z", "updated_at": "2022-10-18T10:26:54.623Z"}}, {"model": "orders.orderedfood", "pk": 64, "fields": {"order": 50, "payment": 18, "user": 47, "fooditem": 12, "quantity": 2, "price": 5.0, "amount": 10.0, "created_at": "2022-10-18T10:26:54.628Z", "updated_at": "2022-10-18T10:26:54.628Z"}}, {"model": "orders.orderedfood", "pk": 65, "fields": {"order": 51, "payment": 19, "user": 47, "fooditem": 3, "quantity": 2, "price": 6.0, "amount": 12.0, "created_at": "2022-10-18T10:30:14.415Z", "updated_at": "2022-10-18T10:30:14.415Z"}}, {"model": "orders.orderedfood", "pk": 66, "fields": {"order": 51, "payment": 19, "user": 47, "fooditem": 15, "quantity": 1, "price": 8.0, "amount": 8.0, "created_at": "2022-10-18T10:30:14.423Z", "updated_at": "2022-10-18T10:30:14.423Z"}}, {"model": "orders.orderedfood", "pk": 67, "fields": {"order": 51, "payment": 19, "user": 47, "fooditem": 12, "quantity": 2, "price": 5.0, "amount": 10.0, "created_at": "2022-10-18T10:30:14.429Z", "updated_at": "2022-10-18T10:30:14.429Z"}}, {"model": "orders.orderedfood", "pk": 68, "fields": {"order": 52, "payment": 20, "user": 47, "fooditem": 15, "quantity": 1, "price": 8.0, "amount": 8.0, "created_at": "2022-10-18T10:33:47.567Z", "updated_at": "2022-10-18T10:33:47.567Z"}}, {"model": "orders.orderedfood", "pk": 69, "fields": {"order": 52, "payment": 20, "user": 47, "fooditem": 12, "quantity": 2, "price": 5.0, "amount": 10.0, "created_at": "2022-10-18T10:33:47.578Z", "updated_at": "2022-10-18T10:33:47.578Z"}}, {"model": "orders.orderedfood", "pk": 70, "fields": {"order": 52, "payment": 20, "user": 47, "fooditem": 13, "quantity": 1, "price": 10.0, "amount": 10.0, "created_at": "2022-10-18T10:33:47.589Z", "updated_at": "2022-10-18T10:33:47.589Z"}}, {"model": "orders.orderedfood", "pk": 71, "fields": {"order": 52, "payment": 20, "user": 47, "fooditem": 7, "quantity": 1, "price": 9.0, "amount": 9.0, "created_at": "2022-10-18T10:33:47.595Z", "updated_at": "2022-10-18T10:33:47.595Z"}}, {"model": "orders.orderedfood", "pk": 72, "fields": {"order": 52, "payment": 20, "user": 47, "fooditem": 9, "quantity": 2, "price": 8.0, "amount": 16.0, "created_at": "2022-10-18T10:33:47.601Z", "updated_at": "2022-10-18T10:33:47.601Z"}}, {"model": "orders.orderedfood", "pk": 73, "fields": {"order": 52, "payment": 20, "user": 47, "fooditem": 6, "quantity": 2, "price": 7.0, "amount": 14.0, "created_at": "2022-10-18T10:33:47.608Z", "updated_at": "2022-10-18T10:33:47.608Z"}}, {"model": "orders.orderedfood", "pk": 74, "fields": {"order": 53, "payment": 21, "user": 47, "fooditem": 3, "quantity": 2, "price": 6.0, "amount": 12.0, "created_at": "2022-10-18T10:42:22.686Z", "updated_at": "2022-10-18T10:42:22.686Z"}}, {"model": "orders.orderedfood", "pk": 75, "fields": {"order": 53, "payment": 21, "user": 47, "fooditem": 6, "quantity": 1, "price": 7.0, "amount": 7.0, "created_at": "2022-10-18T10:42:22.694Z", "updated_at": "2022-10-18T10:42:22.694Z"}}, {"model": "orders.orderedfood", "pk": 76, "fields": {"order": 53, "payment": 21, "user": 47, "fooditem": 4, "quantity": 1, "price": 15.0, "amount": 15.0, "created_at": "2022-10-18T10:42:22.698Z", "updated_at": "2022-10-18T10:42:22.698Z"}}, {"model": "orders.orderedfood", "pk": 77, "fields": {"order": 53, "payment": 21, "user": 47, "fooditem": 7, "quantity": 2, "price": 9.0, "amount": 18.0, "created_at": "2022-10-18T10:42:22.703Z", "updated_at": "2022-10-18T10:42:22.703Z"}}, {"model": "orders.orderedfood", "pk": 78, "fields": {"order": 53, "payment": 21, "user": 47, "fooditem": 15, "quantity": 2, "price": 8.0, "amount": 16.0, "created_at": "2022-10-18T10:42:22.708Z", "updated_at": "2022-10-18T10:42:22.708Z"}}, {"model": "orders.orderedfood", "pk": 79, "fields": {"order": 53, "payment": 21, "user": 47, "fooditem": 13, "quantity": 1, "price": 10.0, "amount": 10.0, "created_at": "2022-10-18T10:42:22.712Z", "updated_at": "2022-10-18T10:42:22.712Z"}}, {"model": "orders.orderedfood", "pk": 80, "fields": {"order": 53, "payment": 21, "user": 47, "fooditem": 12, "quantity": 3, "price": 5.0, "amount": 15.0, "created_at": "2022-10-18T10:42:22.716Z", "updated_at": "2022-10-18T10:42:22.716Z"}}, {"model": "orders.orderedfood", "pk": 81, "fields": {"order": 54, "payment": 22, "user": 47, "fooditem": 15, "quantity": 2, "price": 8.0, "amount": 16.0, "created_at": "2022-10-18T11:07:33.324Z", "updated_at": "2022-10-18T11:07:33.324Z"}}, {"model": "orders.orderedfood", "pk": 82, "fields": {"order": 54, "payment": 22, "user": 47, "fooditem": 12, "quantity": 3, "price": 5.0, "amount": 15.0, "created_at": "2022-10-18T11:07:33.330Z", "updated_at": "2022-10-18T11:07:33.331Z"}}, {"model": "orders.orderedfood", "pk": 83, "fields": {"order": 54, "payment": 22, "user": 47, "fooditem": 3, "quantity": 2, "price": 6.0, "amount": 12.0, "created_at": "2022-10-18T11:07:33.337Z", "updated_at": "2022-10-18T11:07:33.337Z"}}, {"model": "orders.orderedfood", "pk": 84, "fields": {"order": 54, "payment": 22, "user": 47, "fooditem": 6, "quantity": 3, "price": 7.0, "amount": 21.0, "created_at": "2022-10-18T11:07:33.340Z", "updated_at": "2022-10-18T11:07:33.340Z"}}, {"model": "orders.orderedfood", "pk": 85, "fields": {"order": 54, "payment": 22, "user": 47, "fooditem": 8, "quantity": 2, "price": 12.0, "amount": 24.0, "created_at": "2022-10-18T11:07:33.343Z", "updated_at": "2022-10-18T11:07:33.343Z"}}, {"model": "orders.orderedfood", "pk": 86, "fields": {"order": 55, "payment": 23, "user": 61, "fooditem": 13, "quantity": 3, "price": 10.0, "amount": 30.0, "created_at": "2022-10-18T11:10:09.167Z", "updated_at": "2022-10-18T11:10:09.167Z"}}, {"model": "orders.orderedfood", "pk": 87, "fields": {"order": 55, "payment": 23, "user": 61, "fooditem": 14, "quantity": 2, "price": 13.0, "amount": 26.0, "created_at": "2022-10-18T11:10:09.176Z", "updated_at": "2022-10-18T11:10:09.176Z"}}, {"model": "orders.orderedfood", "pk": 88, "fields": {"order": 55, "payment": 23, "user": 61, "fooditem": 9, "quantity": 4, "price": 8.0, "amount": 32.0, "created_at": "2022-10-18T11:10:09.182Z", "updated_at": "2022-10-18T11:10:09.182Z"}}, {"model": "orders.orderedfood", "pk": 89, "fields": {"order": 55, "payment": 23, "user": 61, "fooditem": 3, "quantity": 2, "price": 6.0, "amount": 12.0, "created_at": "2022-10-18T11:10:09.186Z", "updated_at": "2022-10-18T11:10:09.186Z"}}, {"model": "orders.orderedfood", "pk": 90, "fields": {"order": 55, "payment": 23, "user": 61, "fooditem": 6, "quantity": 2, "price": 7.0, "amount": 14.0, "created_at": "2022-10-18T11:10:09.191Z", "updated_at": "2022-10-18T11:10:09.191Z"}}, {"model": "orders.orderedfood", "pk": 91, "fields": {"order": 56, "payment": 24, "user": 61, "fooditem": 15, "quantity": 2, "price": 8.0, "amount": 16.0, "created_at": "2022-10-20T04:30:36.369Z", "updated_at": "2022-10-20T04:30:36.369Z"}}, {"model": "orders.orderedfood", "pk": 92, "fields": {"order": 56, "payment": 24, "user": 61, "fooditem": 12, "quantity": 3, "price": 5.0, "amount": 15.0, "created_at": "2022-10-20T04:30:36.378Z", "updated_at": "2022-10-20T04:30:36.378Z"}}, {"model": "orders.orderedfood", "pk": 93, "fields": {"order": 56, "payment": 24, "user": 61, "fooditem": 4, "quantity": 2, "price": 15.0, "amount": 30.0, "created_at": "2022-10-20T04:30:36.384Z", "updated_at": "2022-10-20T04:30:36.384Z"}}, {"model": "orders.orderedfood", "pk": 94, "fields": {"order": 56, "payment": 24, "user": 61, "fooditem": 3, "quantity": 1, "price": 6.0, "amount": 6.0, "created_at": "2022-10-20T04:30:36.391Z", "updated_at": "2022-10-20T04:30:36.391Z"}}, {"model": "orders.orderedfood", "pk": 95, "fields": {"order": 56, "payment": 24, "user": 61, "fooditem": 7, "quantity": 2, "price": 9.0, "amount": 18.0, "created_at": "2022-10-20T04:30:36.396Z", "updated_at": "2022-10-20T04:30:36.396Z"}}, {"model": "orders.orderedfood", "pk": 96, "fields": {"order": 56, "payment": 24, "user": 61, "fooditem": 6, "quantity": 1, "price": 7.0, "amount": 7.0, "created_at": "2022-10-20T04:30:36.401Z", "updated_at": "2022-10-20T04:30:36.401Z"}}, {"model": "orders.orderedfood", "pk": 97, "fields": {"order": 57, "payment": 25, "user": 47, "fooditem": 15, "quantity": 2, "price": 8.0, "amount": 16.0, "created_at": "2022-10-20T05:21:03.317Z", "updated_at": "2022-10-20T05:21:03.317Z"}}, {"model": "orders.orderedfood", "pk": 98, "fields": {"order": 57, "payment": 25, "user": 47, "fooditem": 11, "quantity": 2, "price": 600.0, "amount": 1200.0, "created_at": "2022-10-20T05:21:03.327Z", "updated_at": "2022-10-20T05:21:03.327Z"}}, {"model": "orders.orderedfood", "pk": 99, "fields": {"order": 57, "payment": 25, "user": 47, "fooditem": 13, "quantity": 1, "price": 10.0, "amount": 10.0, "created_at": "2022-10-20T05:21:03.331Z", "updated_at": "2022-10-20T05:21:03.331Z"}}, {"model": "orders.orderedfood", "pk": 100, "fields": {"order": 57, "payment": 25, "user": 47, "fooditem": 12, "quantity": 2, "price": 5.0, "amount": 10.0, "created_at": "2022-10-20T05:21:03.337Z", "updated_at": "2022-10-20T05:21:03.337Z"}}, {"model": "orders.orderedfood", "pk": 101, "fields": {"order": 57, "payment": 25, "user": 47, "fooditem": 3, "quantity": 3, "price": 6.0, "amount": 18.0, "created_at": "2022-10-20T05:21:03.342Z", "updated_at": "2022-10-20T05:21:03.342Z"}}, {"model": "orders.orderedfood", "pk": 102, "fields": {"order": 57, "payment": 25, "user": 47, "fooditem": 6, "quantity": 3, "price": 7.0, "amount": 21.0, "created_at": "2022-10-20T05:21:03.346Z", "updated_at": "2022-10-20T05:21:03.346Z"}}, {"model": "orders.orderedfood", "pk": 103, "fields": {"order": 57, "payment": 25, "user": 47, "fooditem": 7, "quantity": 1, "price": 9.0, "amount": 9.0, "created_at": "2022-10-20T05:21:03.351Z", "updated_at": "2022-10-20T05:21:03.351Z"}}, {"model": "orders.orderedfood", "pk": 104, "fields": {"order": 57, "payment": 25, "user": 47, "fooditem": 14, "quantity": 2, "price": 13.0, "amount": 26.0, "created_at": "2022-10-20T05:21:03.355Z", "updated_at": "2022-10-20T05:21:03.355Z"}}, {"model": "orders.orderedfood", "pk": 105, "fields": {"order": 57, "payment": 25, "user": 47, "fooditem": 8, "quantity": 1, "price": 12.0, "amount": 12.0, "created_at": "2022-10-20T05:21:03.359Z", "updated_at": "2022-10-20T05:21:03.359Z"}}, {"model": "orders.orderedfood", "pk": 106, "fields": {"order": 57, "payment": 25, "user": 47, "fooditem": 2, "quantity": 1, "price": 14.0, "amount": 14.0, "created_at": "2022-10-20T05:21:03.363Z", "updated_at": "2022-10-20T05:21:03.363Z"}}, {"model": "orders.orderedfood", "pk": 107, "fields": {"order": 57, "payment": 25, "user": 47, "fooditem": 9, "quantity": 3, "price": 8.0, "amount": 24.0, "created_at": "2022-10-20T05:21:03.366Z", "updated_at": "2022-10-20T05:21:03.366Z"}}, {"model": "orders.orderedfood", "pk": 108, "fields": {"order": 58, "payment": 26, "user": 47, "fooditem": 15, "quantity": 2, "price": 8.0, "amount": 16.0, "created_at": "2022-10-20T05:30:18.520Z", "updated_at": "2022-10-20T05:30:18.520Z"}}, {"model": "orders.orderedfood", "pk": 109, "fields": {"order": 58, "payment": 26, "user": 47, "fooditem": 12, "quantity": 2, "price": 5.0, "amount": 10.0, "created_at": "2022-10-20T05:30:18.527Z", "updated_at": "2022-10-20T05:30:18.527Z"}}, {"model": "orders.orderedfood", "pk": 110, "fields": {"order": 58, "payment": 26, "user": 47, "fooditem": 13, "quantity": 3, "price": 10.0, "amount": 30.0, "created_at": "2022-10-20T05:30:18.532Z", "updated_at": "2022-10-20T05:30:18.532Z"}}, {"model": "orders.orderedfood", "pk": 111, "fields": {"order": 58, "payment": 26, "user": 47, "fooditem": 14, "quantity": 1, "price": 13.0, "amount": 13.0, "created_at": "2022-10-20T05:30:18.536Z", "updated_at": "2022-10-20T05:30:18.536Z"}}, {"model": "orders.orderedfood", "pk": 112, "fields": {"order": 58, "payment": 26, "user": 47, "fooditem": 4, "quantity": 2, "price": 15.0, "amount": 30.0, "created_at": "2022-10-20T05:30:18.544Z", "updated_at": "2022-10-20T05:30:18.544Z"}}, {"model": "orders.orderedfood", "pk": 113, "fields": {"order": 58, "payment": 26, "user": 47, "fooditem": 3, "quantity": 1, "price": 6.0, "amount": 6.0, "created_at": "2022-10-20T05:30:18.549Z", "updated_at": "2022-10-20T05:30:18.549Z"}}, {"model": "orders.orderedfood", "pk": 114, "fields": {"order": 58, "payment": 26, "user": 47, "fooditem": 9, "quantity": 2, "price": 8.0, "amount": 16.0, "created_at": "2022-10-20T05:30:18.553Z", "updated_at": "2022-10-20T05:30:18.553Z"}}, {"model": "orders.orderedfood", "pk": 115, "fields": {"order": 58, "payment": 26, "user": 47, "fooditem": 7, "quantity": 1, "price": 9.0, "amount": 9.0, "created_at": "2022-10-20T05:30:18.558Z", "updated_at": "2022-10-20T05:30:18.558Z"}}, {"model": "orders.orderedfood", "pk": 116, "fields": {"order": 58, "payment": 26, "user": 47, "fooditem": 6, "quantity": 1, "price": 7.0, "amount": 7.0, "created_at": "2022-10-20T05:30:18.562Z", "updated_at": "2022-10-20T05:30:18.562Z"}}, {"model": "orders.orderedfood", "pk": 117, "fields": {"order": 59, "payment": 27, "user": 47, "fooditem": 14, "quantity": 2, "price": 13.0, "amount": 26.0, "created_at": "2022-10-20T05:34:21.307Z", "updated_at": "2022-10-20T05:34:21.307Z"}}, {"model": "orders.orderedfood", "pk": 118, "fields": {"order": 59, "payment": 27, "user": 47, "fooditem": 15, "quantity": 3, "price": 8.0, "amount": 24.0, "created_at": "2022-10-20T05:34:21.317Z", "updated_at": "2022-10-20T05:34:21.317Z"}}, {"model": "orders.orderedfood", "pk": 119, "fields": {"order": 59, "payment": 27, "user": 47, "fooditem": 13, "quantity": 5, "price": 10.0, "amount": 50.0, "created_at": "2022-10-20T05:34:21.322Z", "updated_at": "2022-10-20T05:34:21.322Z"}}, {"model": "orders.orderedfood", "pk": 120, "fields": {"order": 59, "payment": 27, "user": 47, "fooditem": 12, "quantity": 2, "price": 5.0, "amount": 10.0, "created_at": "2022-10-20T05:34:21.327Z", "updated_at": "2022-10-20T05:34:21.327Z"}}, {"model": "orders.orderedfood", "pk": 121, "fields": {"order": 59, "payment": 27, "user": 47, "fooditem": 9, "quantity": 4, "price": 8.0, "amount": 32.0, "created_at": "2022-10-20T05:34:21.335Z", "updated_at": "2022-10-20T05:34:21.335Z"}}, {"model": "orders.orderedfood", "pk": 122, "fields": {"order": 59, "payment": 27, "user": 47, "fooditem": 7, "quantity": 2, "price": 9.0, "amount": 18.0, "created_at": "2022-10-20T05:34:21.340Z", "updated_at": "2022-10-20T05:34:21.340Z"}}, {"model": "orders.orderedfood", "pk": 123, "fields": {"order": 59, "payment": 27, "user": 47, "fooditem": 6, "quantity": 3, "price": 7.0, "amount": 21.0, "created_at": "2022-10-20T05:34:21.348Z", "updated_at": "2022-10-20T05:34:21.348Z"}}, {"model": "orders.orderedfood", "pk": 124, "fields": {"order": 59, "payment": 27, "user": 47, "fooditem": 2, "quantity": 1, "price": 14.0, "amount": 14.0, "created_at": "2022-10-20T05:34:21.352Z", "updated_at": "2022-10-20T05:34:21.352Z"}}, {"model": "orders.orderedfood", "pk": 125, "fields": {"order": 59, "payment": 27, "user": 47, "fooditem": 3, "quantity": 3, "price": 6.0, "amount": 18.0, "created_at": "2022-10-20T05:34:21.357Z", "updated_at": "2022-10-20T05:34:21.357Z"}}, {"model": "orders.orderedfood", "pk": 126, "fields": {"order": 59, "payment": 27, "user": 47, "fooditem": 4, "quantity": 1, "price": 15.0, "amount": 15.0, "created_at": "2022-10-20T05:34:21.361Z", "updated_at": "2022-10-20T05:34:21.361Z"}}]
